算例名,节点数,边数,无人机数,基站编号,ALNS_PSO_目标函数_最小值,ALNS_PSO_目标函数_最大值,ALNS_PSO_目标函数_均值,ALNS_PSO_求解时间_最小(s),ALNS_PSO_求解时间_最大(s),ALNS_PSO_求解时间_均值(s),ALNS_PSO_实际使用无人机数_均值,ALNS_PSO_总飞行距离_均值(m),ALNS_PSO_最优线程ID分布,ALNS_PSO_公共池拉取次数_均值,ALNS_PSO_推入公共池次数_均值,ALNS_PSO_破坏_random_调用次数_均值,ALNS_PSO_破坏_random_耗时_均值(s),ALNS_PSO_破坏_random_改进当前解_均值,ALNS_PSO_破坏_random_改进最优解_均值,ALNS_PSO_破坏_worst_调用次数_均值,ALNS_PSO_破坏_worst_耗时_均值(s),ALNS_PSO_破坏_worst_改进当前解_均值,ALNS_PSO_破坏_worst_改进最优解_均值,ALNS_PSO_破坏_route_调用次数_均值,ALNS_PSO_破坏_route_耗时_均值(s),ALNS_PSO_破坏_route_改进当前解_均值,ALNS_PSO_破坏_route_改进最优解_均值,ALNS_PSO_破坏_bp_split_调用次数_均值,ALNS_PSO_破坏_bp_split_耗时_均值(s),ALNS_PSO_破坏_bp_split_改进当前解_均值,ALNS_PSO_破坏_bp_split_改进最优解_均值,ALNS_PSO_修复_greedy_调用次数_均值,ALNS_PSO_修复_greedy_耗时_均值(s),ALNS_PSO_修复_greedy_改进当前解_均值,ALNS_PSO_修复_greedy_改进最优解_均值,ALNS_PSO_修复_random_调用次数_均值,ALNS_PSO_修复_random_耗时_均值(s),ALNS_PSO_修复_random_改进当前解_均值,ALNS_PSO_修复_random_改进最优解_均值,ALNS_PSO_修复_bp_aware_调用次数_均值,ALNS_PSO_修复_bp_aware_耗时_均值(s),ALNS_PSO_修复_bp_aware_改进当前解_均值,ALNS_PSO_修复_bp_aware_改进最优解_均值,ALNS_PSO_模块耗时_DR均值(s),ALNS_PSO_模块耗时_LS均值(s),ALNS_PSO_模块耗时_PSO均值(s),GiantRoute_目标函数_最小值,GiantRoute_目标函数_最大值,GiantRoute_目标函数_均值,GiantRoute_求解时间_最小(s),GiantRoute_求解时间_最大(s),GiantRoute_求解时间_均值(s),GiantRoute_实际使用无人机数_均值,GiantRoute_总飞行距离_均值(m),GiantRoute_最优线程ID分布,GiantRoute_公共池拉取次数_均值,GiantRoute_推入公共池次数_均值,GiantRoute_破坏_random_调用次数_均值,GiantRoute_破坏_random_耗时_均值(s),GiantRoute_破坏_random_改进当前解_均值,GiantRoute_破坏_random_改进最优解_均值,GiantRoute_破坏_worst_调用次数_均值,GiantRoute_破坏_worst_耗时_均值(s),GiantRoute_破坏_worst_改进当前解_均值,GiantRoute_破坏_worst_改进最优解_均值,GiantRoute_破坏_segment_调用次数_均值,GiantRoute_破坏_segment_耗时_均值(s),GiantRoute_破坏_segment_改进当前解_均值,GiantRoute_破坏_segment_改进最优解_均值,GiantRoute_修复_greedy_调用次数_均值,GiantRoute_修复_greedy_耗时_均值(s),GiantRoute_修复_greedy_改进当前解_均值,GiantRoute_修复_greedy_改进最优解_均值,GiantRoute_修复_random_调用次数_均值,GiantRoute_修复_random_耗时_均值(s),GiantRoute_修复_random_改进当前解_均值,GiantRoute_修复_random_改进最优解_均值,GiantRoute_修复_regret_调用次数_均值,GiantRoute_修复_regret_耗时_均值(s),GiantRoute_修复_regret_改进当前解_均值,GiantRoute_修复_regret_改进最优解_均值,GiantRoute_模块耗时_DR均值(s),GiantRoute_模块耗时_LS均值(s),GiantRoute_模块耗时_PSO均值(s)
26-30-10-1-(grid-0),26,30,10,1,34521.281,34521.281,34521.281,13.5,13.63,13.55,1.0,23007.52,"T0:2次,T1:1次,T2:2次",14.6,44.0,504.6,0.0311,92.6,5.8,587.2,0.0544,187.6,11.0,433.4,0.0099,80.2,5.0,474.8,0.0213,85.0,7.0,959.2,10.5029,229.2,15.6,94.0,0.8255,0.0,0.0,946.8,10.9615,216.2,13.2,22.4721,11.2445,14.114,34521.281,34521.281,34521.281,88.17,193.61,144.22,1.0,23007.52,"T0:1次,T1:2次,T2:1次,T3:1次",14.6,44.0,710.4,0.0054,135.0,10.6,711.6,0.081,143.8,11.6,578.0,0.0121,88.2,9.8,843.8,0.534,143.0,12.2,108.8,0.0005,2.0,0.4,1047.4,5.639,222.0,19.4,6.272,460.6545,11.7806
26-30-10-1-(grid-0),26,30,10,1,34521.281,34521.281,34521.281,4.81,6.27,5.42,1.0,23007.52,"T0:1次,T1:1次,T2:1次",3.0,12.67,129.33,0.0058,20.33,5.0,159.0,0.0096,52.0,8.67,137.0,0.0011,20.67,6.67,132.0,0.0093,24.67,4.33,241.67,1.8673,53.0,10.67,62.0,0.4341,0.0,0.0,253.67,2.0254,64.67,14.0,4.3562,3.375,4.2503,34521.281,34521.281,34521.281,39.07,70.39,51.57,1.0,23007.52,"T0:2次,T1:1次",4.0,15.33,236.67,0.0078,43.0,7.0,228.0,0.0073,51.67,8.33,187.67,0.0006,35.0,5.33,275.67,0.0842,55.0,10.0,62.0,0.0003,1.33,0.0,314.67,0.796,73.33,10.67,0.8963,83.2217,3.4651
26-30-10-1-(grid-1),26,30,10,1,40209.8085,49871.1738,46650.7187,5.66,6.29,6.05,1.67,31089.37,"T0:1次,T1:1次,T2:1次",3.0,13.67,130.33,0.0062,14.33,1.33,196.67,0.0233,49.67,7.67,131.33,0.0033,12.33,1.67,152.67,0.0027,18.0,3.33,263.33,1.3155,42.33,7.33,64.0,0.2706,0.33,0.0,283.67,1.5006,51.67,6.67,3.1304,4.1949,5.3809,40209.8085,40276.0123,40231.8764,226.83,473.62,327.75,1.0,26814.58,"T0:1次,T1:1次,T2:1次",4.67,20.33,321.33,0.0114,80.67,7.33,352.67,0.0423,99.0,11.67,228.33,0.001,36.0,4.0,378.33,0.2695,90.33,10.67,94.67,0.0007,1.33,0.33,429.33,3.2218,124.0,12.0,3.5466,710.2098,6.8672
26-30-10-1-(linear-0),26,30,10,1,31761.2278,31761.2278,31761.2278,3.83,4.04,3.97,1.0,21167.49,"T0:2次,T1:1次",3.0,9.0,88.0,0.0117,9.67,0.67,107.0,0.0028,35.33,1.67,65.33,0.0007,6.0,0.0,97.33,0.0076,13.33,1.67,143.0,1.2141,28.33,1.67,60.33,0.4322,1.0,0.0,154.33,1.3365,35.0,2.33,3.0162,2.294,2.6908,31761.2278,31761.2278,31761.2278,29.04,60.49,47.14,1.0,21167.49,"T1:2次,T2:1次",4.67,13.33,186.33,0.0019,35.0,1.0,213.67,0.0155,53.33,2.67,173.67,0.0006,29.33,0.67,238.33,0.1074,55.0,2.0,72.0,0.0004,1.0,0.33,263.33,0.9698,61.67,2.0,1.0955,94.1913,3.4738
26-30-10-1-(linear-1),26,30,10,1,50067.1867,50067.1867,50067.1867,6.66,7.17,6.85,2.0,33364.79,"T0:1次,T2:2次",3.0,15.67,173.33,0.0066,25.0,8.33,212.67,0.0155,48.67,14.0,152.33,0.0055,16.33,4.33,166.33,0.0028,23.0,8.0,327.33,1.5153,55.0,16.67,59.67,0.2626,0.0,0.0,317.67,1.6772,58.0,18.0,3.5004,4.8856,6.5189,49249.9961,49328.1356,49302.0891,34.17,54.29,45.4,2.0,32854.73,"T0:1次,T2:2次",4.0,17.0,223.67,0.0022,40.33,5.0,297.67,0.048,84.67,9.33,219.33,0.0008,37.33,5.33,323.67,0.122,72.0,7.33,55.67,0.0003,0.0,0.0,361.33,1.276,90.33,12.33,1.4491,98.4685,4.8802
26-30-10-1-(radial-0),26,30,10,1,39538.6128,44193.9223,41090.3826,4.66,5.82,5.19,1.33,27384.7,"T0:2次,T1:1次",3.0,11.67,120.67,0.008,21.33,6.0,129.0,0.0074,37.0,6.67,110.0,0.009,18.67,4.0,123.67,0.0143,20.33,7.0,207.33,1.2373,46.33,11.33,56.0,0.2886,0.0,0.0,220.0,1.3486,51.0,12.33,2.9226,3.4208,4.4931,39769.3573,40190.7873,39925.3485,58.46,72.92,64.33,1.0,26610.23,T2:3次,4.33,19.33,291.67,0.0064,66.33,5.67,280.33,0.0248,65.33,7.33,273.0,0.0009,55.33,7.67,353.33,0.1333,77.0,9.0,95.0,0.0005,3.67,1.0,396.67,1.316,106.33,10.67,1.4818,130.542,5.8889
26-30-10-1-(radial-1),26,30,10,1,37114.4553,37114.4553,37114.4553,4.65,5.03,4.78,1.0,24736.3,"T0:1次,T1:2次",3.0,11.0,102.33,0.0017,12.0,5.67,133.0,0.0147,31.33,8.33,110.0,0.005,16.0,4.67,118.33,0.0023,14.0,6.0,206.33,1.67,35.67,13.0,49.67,0.3605,0.0,0.0,207.67,1.7356,37.67,11.67,3.8011,2.9327,3.4601,37288.1301,37603.3742,37407.153,81.91,88.77,84.28,1.0,24931.44,T2:3次,3.0,19.33,285.67,0.0049,69.0,8.0,286.33,0.0184,71.67,11.33,288.33,0.001,61.0,12.0,400.67,0.2349,93.67,18.33,55.0,0.0003,0.33,0.0,404.67,1.8861,107.67,13.0,2.1456,189.8624,6.5325
26-30-10-1-(random-0),26,30,10,1,77194.3861,78784.3777,78238.4227,4.68,7.38,5.65,2.0,52145.62,"T0:1次,T1:1次,T2:1次",3.0,13.33,145.0,0.0098,32.0,3.0,186.67,0.0125,50.0,8.0,116.67,0.001,15.33,0.67,142.33,0.0025,34.0,2.67,254.33,1.2123,58.33,6.67,64.33,0.2659,0.67,0.33,272.0,1.2194,72.33,7.33,2.7472,4.2131,5.0494,78679.7316,78893.366,78778.5844,92.8,200.38,138.13,2.0,52505.72,"T0:1次,T2:2次",4.0,17.67,271.0,0.0068,58.33,5.0,213.0,0.0145,31.33,1.67,284.33,0.0009,53.67,8.67,300.0,0.1788,57.33,5.33,81.0,0.0005,1.33,0.67,387.33,1.8333,84.67,9.33,2.0349,321.5451,4.0657
26-30-10-1-(random-1),26,30,10,1,67280.5866,67280.5866,67280.5866,4.17,5.15,4.59,2.0,44840.39,T2:3次,3.0,11.33,122.67,0.0165,26.33,5.33,133.67,0.008,41.33,7.33,104.33,0.0058,14.33,4.0,116.67,0.0017,23.67,4.67,218.67,1.0309,57.0,10.67,51.67,0.2186,0.0,0.0,207.0,0.9038,48.67,10.67,2.198,3.0363,3.8787,67280.5866,67280.5866,67280.5866,47.63,56.21,52.47,2.0,44840.39,"T0:1次,T2:2次",3.0,14.67,218.33,0.0066,50.67,5.67,196.0,0.0086,35.0,3.67,201.0,0.0005,40.0,4.33,230.0,0.0787,40.0,3.33,58.33,0.0003,0.67,0.0,327.0,1.1388,85.0,10.33,1.2335,110.6969,3.2027
26-30-10-2-(grid-0),26,30,10,2,33361.9533,33361.9533,33361.9533,4.08,5.03,4.47,1.0,22234.64,T1:3次,3.0,10.67,115.0,0.0014,17.0,5.67,134.33,0.0276,28.0,8.33,90.33,0.0007,11.67,3.33,110.33,0.0066,15.0,6.67,198.67,1.5642,34.67,11.67,53.67,0.4009,0.0,0.0,197.67,1.6254,37.0,12.33,3.6398,2.8258,3.1951,33361.9533,33361.9533,33361.9533,206.3,309.03,252.18,1.0,22234.64,"T0:1次,T1:1次,T2:1次",4.33,16.33,271.33,0.0024,60.0,13.33,259.0,0.0465,64.0,10.0,203.67,0.0007,36.0,8.33,317.67,0.281,70.33,13.67,61.0,0.0004,0.67,0.67,355.33,3.5837,89.0,17.33,3.9147,601.4356,6.7257
26-30-10-2-(grid-1),26,30,10,2,35656.0761,35656.0761,35656.0761,3.89,5.46,4.89,1.0,23764.05,"T0:1次,T1:2次",3.0,11.33,130.67,0.0015,15.0,3.33,144.0,0.0082,42.33,6.0,118.33,0.0234,14.33,2.67,125.33,0.0017,19.33,3.67,235.33,1.8496,45.0,8.33,58.0,0.3843,0.33,0.0,225.0,1.7542,45.67,7.33,4.0312,3.1187,3.6404,35656.0761,35656.0761,35656.0761,14.18,17.18,15.79,1.0,23764.05,"T0:2次,T2:1次",3.33,12.67,165.0,0.0009,25.67,3.33,206.0,0.0126,44.0,6.0,148.33,0.0003,17.67,2.33,216.33,0.0561,40.0,4.0,63.33,0.0002,1.0,0.0,239.67,0.4704,46.33,7.67,0.5406,32.9056,2.9536
26-30-10-2-(linear-0),26,30,10,2,31654.551,31654.551,31654.551,3.5,6.36,4.67,1.0,21096.37,"T1:2次,T2:1次",3.0,11.0,110.0,0.0014,15.33,1.0,157.67,0.0263,50.67,4.33,91.67,0.0008,11.33,0.0,102.67,0.0063,17.33,1.0,195.0,1.489,42.67,2.67,58.0,0.3943,0.0,0.0,209.0,1.7464,52.0,3.67,3.6676,2.751,3.2702,31654.551,31670.6605,31659.9209,36.23,49.66,43.73,1.0,21099.95,"T1:1次,T2:2次",4.67,15.67,196.0,0.0014,28.33,0.67,243.67,0.0221,57.0,2.33,212.67,0.0005,36.67,3.0,270.67,0.0982,53.33,2.0,69.67,0.0003,1.33,0.33,312.0,0.6998,67.33,3.67,0.8224,75.1669,3.5246
26-30-10-2-(linear-1),26,30,10,2,57865.4429,58044.2959,57984.6782,4.45,6.31,5.36,2.0,38643.12,"T0:1次,T1:2次",3.0,13.0,130.33,0.0065,18.67,3.0,182.33,0.014,48.67,10.33,116.0,0.0008,9.0,2.67,121.0,0.0016,12.67,3.0,250.67,1.0201,46.0,8.67,49.0,0.1597,0.0,0.0,250.0,1.0244,43.0,10.33,2.2307,3.0834,4.1925,57865.4429,57865.4429,57865.4429,31.85,39.82,34.56,2.0,38563.63,"T0:1次,T1:2次",4.33,14.33,179.33,0.0012,33.33,2.0,248.0,0.0194,83.33,5.0,180.67,0.0005,34.0,3.0,272.0,0.1118,70.67,6.0,64.0,0.0045,1.0,0.33,272.0,0.7688,79.0,3.67,0.9061,78.9732,3.6871
26-30-10-2-(radial-0),26,30,10,2,41355.7352,42775.2034,41828.8912,5.71,8.65,6.77,1.0,27879.26,"T0:2次,T1:1次",3.0,16.0,182.33,0.0021,36.33,8.67,202.33,0.022,60.67,13.0,169.0,0.0012,24.67,8.33,171.33,0.0048,31.67,9.33,328.0,1.6774,72.33,18.67,59.33,0.2497,0.0,0.0,337.67,1.7284,81.0,20.67,3.7076,4.8491,6.4129,41724.6376,42172.5179,41880.1573,70.03,104.74,81.85,1.0,27913.44,"T1:1次,T2:2次",4.0,17.33,254.67,0.0044,53.0,8.0,270.33,0.0237,55.33,10.67,233.0,0.0006,44.67,8.67,301.67,0.1865,53.33,8.33,64.0,0.0003,0.67,0.67,392.33,1.5397,99.0,18.33,1.7552,169.5658,5.2494
26-30-10-2-(radial-1),26,30,10,2,39704.6206,44468.2153,42880.3504,5.54,6.56,5.89,1.67,28575.79,"T0:2次,T2:1次",3.0,13.33,159.67,0.0019,19.67,5.0,187.67,0.0041,29.67,10.67,121.0,0.0009,8.0,4.0,154.67,0.0072,20.67,7.67,291.33,1.261,43.33,13.0,52.33,0.2294,0.0,0.0,279.33,1.4234,34.67,14.33,2.952,3.836,5.0427,39901.6356,41007.6385,40638.9708,20.91,45.51,34.72,1.0,27085.98,"T0:2次,T2:1次",4.0,16.33,251.67,0.0092,49.33,6.67,256.67,0.0274,49.67,10.67,231.0,0.0006,49.67,9.33,300.67,0.099,57.67,11.0,68.67,0.0003,0.33,0.0,370.0,1.0054,90.67,15.67,1.1418,67.8423,4.4879
26-30-10-2-(random-0),26,30,10,2,80356.7943,80505.9773,80456.2496,4.17,5.11,4.77,2.0,53624.17,"T0:2次,T1:1次",3.0,10.0,109.0,0.0088,24.33,2.33,98.0,0.0023,23.67,1.0,108.0,0.0033,16.67,1.0,112.0,0.0067,22.67,1.67,181.33,0.9055,45.33,3.67,68.33,0.3496,1.33,0.0,177.33,0.7988,40.67,2.33,2.0892,3.1676,3.8851,80658.3303,81498.0301,81117.6182,45.29,75.37,58.26,2.0,54065.08,"T0:1次,T1:1次,T2:1次",5.0,15.67,236.33,0.0017,34.0,1.67,230.0,0.0094,32.33,2.67,217.67,0.0006,25.67,2.0,257.67,0.1237,31.33,1.33,83.67,0.0004,2.33,0.67,342.67,1.0065,58.33,4.33,1.1423,120.2257,2.7639
26-30-10-2-(random-1),26,30,10,2,65756.9382,65756.9382,65756.9382,4.43,6.18,5.05,2.0,43824.63,"T1:2次,T2:1次",3.0,12.0,125.0,0.0065,17.33,5.33,159.67,0.0186,36.67,9.0,103.0,0.0133,10.0,2.33,135.67,0.002,24.33,6.67,225.67,1.1542,41.33,11.0,67.0,0.2419,1.33,1.33,230.67,1.127,45.67,11.0,2.567,3.8173,4.4153,65756.9382,65756.9382,65756.9382,20.66,56.84,40.71,2.0,43824.63,"T0:1次,T1:2次",3.33,14.67,226.33,0.0015,40.67,5.33,209.33,0.0185,33.0,3.33,186.67,0.0005,22.0,3.0,264.0,0.0849,37.67,5.0,70.0,0.0003,2.0,0.67,288.33,0.6694,56.0,6.0,0.775,74.518,2.8113
26-30-10-3-(grid-0),26,30,10,3,34709.5495,34709.5495,34709.5495,4.24,5.43,4.85,1.0,23133.03,"T0:1次,T1:1次,T2:1次",3.0,11.0,125.0,0.0016,19.67,3.67,164.0,0.0037,39.67,8.67,94.33,0.0008,12.0,2.33,104.0,0.0015,13.33,2.33,215.67,1.7434,41.33,8.33,54.33,0.3857,0.0,0.0,217.33,1.7478,43.33,8.67,3.8977,2.9266,3.7473,34709.5495,34709.5495,34709.5495,42.93,90.69,61.64,1.0,23133.03,"T0:1次,T1:1次,T2:1次",4.0,14.33,233.0,0.0018,54.33,8.67,221.33,0.0073,58.0,8.67,180.33,0.0005,30.0,5.0,277.33,0.1338,60.67,10.0,67.0,0.0003,1.67,1.0,290.33,1.2472,80.0,11.33,1.3909,141.8284,4.5629
26-30-10-3-(grid-1),26,30,10,3,36677.7331,36677.7331,36677.7331,4.11,5.02,4.42,1.0,24445.16,"T0:2次,T1:1次",3.0,10.67,92.67,0.0011,12.0,1.67,140.0,0.0056,39.0,5.33,107.0,0.0008,14.0,3.0,102.0,0.0014,12.0,1.33,185.0,1.4525,37.33,5.0,59.33,0.4301,0.0,0.0,197.33,1.5573,39.67,6.33,3.4516,2.6296,3.043,36677.7331,36677.7331,36677.7331,139.18,300.16,209.81,1.0,24445.16,"T1:2次,T2:1次",3.67,16.33,274.67,0.0048,54.0,8.67,280.0,0.0263,64.0,10.0,164.33,0.0005,26.67,5.0,311.67,0.2319,61.0,11.0,63.0,0.0029,0.33,0.33,344.33,2.7251,83.33,12.33,2.9915,462.8812,5.9801
26-30-10-3-(linear-0),26,30,10,3,26423.7119,26423.7119,26423.7119,4.7,5.94,5.15,1.0,17609.14,"T0:2次,T2:1次",3.0,12.33,123.67,0.0166,18.0,3.33,173.67,0.0114,49.67,9.67,124.67,0.001,18.33,4.33,121.33,0.0043,15.33,4.33,238.33,1.8243,49.0,10.67,53.67,0.3547,0.0,0.0,251.33,1.9419,52.33,11.0,4.1576,3.2289,3.7985,26423.7119,26423.7119,26423.7119,142.08,209.98,178.76,1.0,17609.14,T1:3次,3.67,14.67,181.67,0.019,34.0,5.67,263.0,0.0165,78.0,13.67,186.0,0.0007,35.67,6.0,263.33,0.1489,63.67,11.0,60.0,0.0004,1.67,0.67,307.33,1.8764,82.33,13.67,2.0619,387.0962,4.2357
26-30-10-3-(linear-1),26,30,10,3,51916.3925,53037.1602,52663.571,4.32,5.74,5.13,2.0,35095.71,T0:3次,3.0,11.33,135.67,0.002,27.67,7.0,151.0,0.008,37.67,7.33,108.0,0.001,9.0,2.33,114.67,0.002,17.0,5.33,228.33,0.9821,47.0,11.67,53.33,0.2352,0.0,0.0,227.67,1.1776,44.33,10.33,2.4115,3.3394,4.3262,48168.1776,48168.1776,48168.1776,195.75,300.38,240.04,2.0,32098.79,"T0:1次,T1:1次,T2:1次",4.67,17.67,257.0,0.0031,51.0,4.0,318.33,0.0383,91.0,10.0,213.67,0.001,35.33,6.0,334.33,0.2544,74.0,10.0,63.33,0.0042,0.0,0.0,391.33,3.2082,103.33,10.0,3.5092,596.3104,7.1597
26-30-10-3-(radial-0),26,30,10,3,39894.066,43669.7146,41152.6155,4.89,7.09,6.26,1.33,27426.19,"T0:2次,T1:1次",3.0,13.0,141.33,0.0103,21.0,4.33,176.33,0.0124,50.0,9.33,138.0,0.0055,21.0,5.0,113.0,0.0096,12.67,3.0,271.33,1.8655,54.33,12.0,51.0,0.3283,0.0,0.0,246.33,1.8367,50.33,9.67,4.0725,4.2606,6.0178,39950.7322,40185.6615,40046.4842,29.06,127.91,65.27,1.0,26690.99,"T1:2次,T2:1次",3.67,16.33,256.0,0.0024,62.0,8.67,275.33,0.0241,84.0,9.33,185.33,0.0007,35.0,5.33,299.0,0.1471,70.0,10.0,60.0,0.0003,0.67,0.33,357.67,1.3336,110.33,13.0,1.5082,132.8938,4.4881
26-30-10-3-(radial-1),26,30,10,3,37773.1265,37773.1265,37773.1265,3.84,6.42,5.04,1.0,25175.42,"T0:2次,T2:1次",3.0,12.0,120.0,0.0015,12.67,5.67,149.0,0.0034,37.67,9.67,128.67,0.0059,17.33,5.0,116.33,0.0118,18.33,4.33,249.67,1.3871,51.0,14.67,49.67,0.3229,0.0,0.0,214.67,1.2132,35.0,10.0,2.956,2.9807,3.5069,37970.4499,38064.722,38001.874,34.48,92.11,60.12,1.0,25327.92,"T1:1次,T2:2次",4.0,16.33,228.33,0.0016,41.33,7.33,248.33,0.0101,61.67,9.33,220.0,0.0006,49.67,7.0,305.67,0.0968,68.33,10.67,73.0,0.0003,1.67,0.67,318.0,0.8136,82.67,12.33,0.9229,105.5465,3.7183
26-30-10-3-(random-0),26,30,10,3,79321.9016,79830.6901,79491.5245,6.11,6.98,6.6,2.0,52981.02,"T1:1次,T2:2次",3.0,15.67,184.67,0.0021,48.67,4.0,197.33,0.012,53.0,9.33,137.0,0.001,19.0,0.33,192.33,0.0077,40.0,6.33,337.0,1.4826,84.67,11.0,58.33,0.1968,0.0,0.0,316.0,1.356,76.0,9.0,3.0678,5.1447,5.8729,77536.0498,79508.0235,78736.4392,57.65,94.32,70.65,2.0,52477.63,"T0:1次,T2:2次",4.0,17.0,343.33,0.0024,79.33,9.0,197.33,0.0114,29.33,2.33,208.0,0.0006,24.0,2.67,296.67,0.1313,49.67,4.33,66.33,0.0003,0.33,0.33,385.67,1.2992,82.67,9.33,1.4452,149.593,3.3596
26-30-10-3-(random-1),26,30,10,3,66042.0137,66042.0137,66042.0137,4.85,5.56,5.25,2.0,44014.68,"T1:1次,T2:2次",3.0,12.67,131.67,0.0015,25.67,5.0,153.33,0.0244,38.0,8.33,127.67,0.0009,16.33,3.33,143.33,0.0095,28.33,4.0,245.33,1.1486,60.67,10.67,59.33,0.2662,0.0,0.0,251.33,1.1145,47.67,10.0,2.5743,3.6696,4.653,65434.1109,66125.3387,65664.5202,111.16,132.72,120.99,2.0,43763.01,T1:3次,4.33,17.67,302.33,0.0023,68.33,7.67,238.67,0.0208,41.0,5.33,249.67,0.0007,41.33,6.0,272.67,0.1656,35.67,3.0,66.67,0.0004,1.0,0.33,451.33,1.8859,114.0,15.67,2.0756,260.7166,3.8824
26-30-10-4-(grid-0),26,30,10,4,33182.2299,33182.2299,33182.2299,4.9,7.39,5.81,1.0,22114.82,"T0:2次,T1:1次",3.0,14.0,135.0,0.0016,22.0,4.0,178.67,0.0086,50.0,7.67,157.33,0.0012,25.33,7.0,148.0,0.0047,26.67,4.33,281.33,2.0718,62.0,13.0,55.0,0.3375,0.0,0.0,282.67,2.1188,62.0,10.0,4.5531,3.4738,4.4485,33182.2299,33221.8065,33195.4221,37.17,77.47,54.05,1.0,22123.61,"T0:1次,T2:2次",4.33,15.67,237.33,0.0018,44.67,8.33,243.0,0.0179,61.0,9.67,198.0,0.0006,34.0,6.67,275.33,0.1156,56.0,9.33,60.0,0.0053,0.0,0.0,343.0,1.2533,83.67,15.33,1.3945,105.5008,4.3354
26-30-10-4-(grid-1),26,30,10,4,37290.2733,37290.2733,37290.2733,4.58,5.57,5.05,1.0,24853.52,T2:3次,3.0,11.67,119.0,0.0015,16.33,1.67,167.0,0.0087,48.0,5.33,94.0,0.0007,9.33,1.33,142.0,0.0071,21.33,4.0,230.0,1.7124,44.0,6.0,56.67,0.3881,0.0,0.0,235.33,1.8082,51.0,6.33,3.9502,3.1717,3.7423,37290.2733,37325.7592,37302.102,216.92,236.13,224.99,1.0,24861.4,"T0:1次,T1:1次,T2:1次",3.33,13.0,207.33,0.0069,42.67,4.67,216.33,0.012,54.67,4.0,145.67,0.0005,15.67,1.67,231.33,0.2224,44.67,3.33,58.33,0.0004,0.33,0.0,279.67,2.7373,68.0,7.0,2.9795,526.3246,4.812
26-30-10-4-(linear-0),26,30,10,4,26391.2655,26391.2655,26391.2655,4.53,5.52,5.0,1.0,17587.51,"T0:2次,T1:1次",3.0,12.0,124.67,0.0015,20.33,3.33,160.67,0.0186,60.0,8.0,113.33,0.0107,16.0,2.0,121.33,0.0017,18.67,3.67,225.0,1.5869,58.0,8.67,52.33,0.3767,0.0,0.0,242.67,1.8932,57.0,8.33,3.8926,2.9764,3.5782,26391.2655,26391.2655,26391.2655,18.78,22.33,21.04,1.0,17587.51,"T1:1次,T2:2次",4.0,13.0,171.67,0.0011,23.0,2.67,236.0,0.0113,56.67,7.67,152.0,0.0004,18.67,1.67,261.0,0.0704,48.0,6.33,62.0,0.0052,1.33,0.67,236.67,0.4983,49.0,5.0,0.5867,40.5715,3.2919
26-30-10-4-(linear-1),26,30,10,4,47306.1508,47524.0222,47378.7746,5.54,6.05,5.71,2.0,31572.52,"T0:1次,T1:1次,T2:1次",3.0,12.33,132.67,0.0018,16.33,6.67,155.67,0.0038,31.0,14.0,129.0,0.0011,12.0,6.67,119.67,0.0019,13.67,6.0,261.33,1.3635,38.0,19.33,55.67,0.2286,0.0,0.0,220.0,1.2678,35.0,14.0,2.8721,3.7571,5.1695,47306.1508,47306.1508,47306.1508,20.32,57.06,41.52,2.0,31524.1,T2:3次,4.0,15.67,223.33,0.0016,48.0,7.0,263.67,0.0151,77.33,13.33,201.67,0.0005,37.67,9.0,271.0,0.1081,59.0,12.33,65.0,0.0053,0.33,0.33,352.67,1.1078,103.67,16.67,1.2384,98.3252,4.5086
26-30-10-4-(radial-0),26,30,10,4,39533.8505,45762.202,43686.0848,5.37,5.85,5.57,1.67,29112.95,"T1:2次,T2:1次",3.0,13.67,151.33,0.0017,29.0,7.67,177.67,0.0039,56.0,13.0,132.67,0.001,21.0,6.67,135.67,0.0018,26.0,7.67,261.67,1.2367,59.33,17.0,53.33,0.2178,0.0,0.0,282.33,1.4808,72.67,18.0,2.9525,3.96,4.9472,39696.6736,40545.5749,40065.0035,41.16,75.7,63.62,1.0,26703.34,"T0:1次,T2:2次",4.33,18.0,268.67,0.0018,67.0,5.67,273.33,0.0183,69.67,9.33,262.67,0.0006,53.0,8.33,346.67,0.1847,83.0,12.33,81.0,0.0004,1.67,1.0,377.0,1.1054,105.0,10.0,1.3113,117.5769,4.877
26-30-10-4-(radial-1),26,30,10,4,37109.693,37109.693,37109.693,4.48,6.1,5.43,1.0,24733.13,"T1:1次,T2:2次",3.0,13.33,134.0,0.0091,13.0,4.33,178.33,0.019,30.67,7.33,141.33,0.0011,19.67,6.67,134.33,0.002,11.0,4.0,267.33,2.0856,39.67,12.33,61.33,0.4217,0.0,0.0,259.33,1.926,34.67,10.0,4.4756,3.4004,3.9882,37245.2959,37862.1259,37467.8117,45.2,76.6,58.5,1.0,24971.87,"T0:2次,T1:1次",3.67,15.33,201.33,0.0015,37.67,2.67,235.0,0.0098,48.33,7.67,224.67,0.0031,46.33,8.0,274.67,0.0912,53.33,6.67,68.33,0.0003,1.0,0.33,318.0,0.8993,78.0,11.33,1.0052,99.2234,3.3526
26-30-10-4-(random-0),26,30,10,4,79530.4174,80150.8244,79921.2115,6.09,7.76,7.09,2.0,53267.47,"T0:1次,T1:2次",3.0,15.67,171.33,0.0135,41.0,6.33,197.67,0.0046,61.0,10.33,141.33,0.0126,20.0,3.0,177.67,0.0077,43.33,6.67,295.33,1.4775,74.67,12.67,65.0,0.2853,1.33,0.33,327.67,1.6242,89.33,13.33,3.4297,5.462,6.5763,79253.4845,80904.973,79904.29,38.53,83.37,57.08,2.0,53256.19,"T1:1次,T2:2次",4.0,19.0,341.67,0.0047,46.67,5.0,273.0,0.0344,32.0,3.67,245.67,0.0031,30.33,2.33,382.33,0.159,51.0,5.67,111.33,0.0005,3.0,1.33,366.67,1.0173,55.0,4.0,1.219,129.3036,4.1
26-30-10-4-(random-1),26,30,10,4,62562.3981,64019.7458,63533.9632,5.45,6.52,5.93,2.0,42342.64,"T0:1次,T1:1次,T2:1次",3.0,14.67,150.33,0.0018,27.0,4.33,209.67,0.0122,67.33,13.67,148.67,0.0011,16.33,4.33,148.33,0.0023,24.67,4.0,326.0,1.4279,79.0,15.67,53.67,0.2349,0.0,0.0,277.33,1.2094,56.33,10.67,2.8963,4.5352,5.5756,62562.3981,62562.3981,62562.3981,56.71,241.7,132.09,2.0,41694.93,"T0:1次,T1:1次,T2:1次",4.33,16.0,270.33,0.0046,63.0,6.67,239.0,0.0174,47.0,6.0,223.67,0.0008,41.67,5.33,282.0,0.1539,48.0,6.67,59.33,0.0004,1.67,0.33,391.67,1.9634,102.0,11.0,2.1404,320.1507,4.2545
26-30-10-5-(grid-0),26,30,10,5,32322.1606,32322.1606,32322.1606,5.07,6.61,6.09,1.0,21541.44,"T0:1次,T1:1次,T2:1次",3.0,14.0,143.33,0.0066,19.67,2.67,160.0,0.0042,38.0,4.33,138.0,0.0014,18.33,3.33,161.0,0.0091,29.33,4.0,284.33,2.0539,54.0,8.33,57.0,0.4216,0.0,0.0,261.0,1.9205,51.33,6.0,4.4236,3.3793,4.3704,32322.1606,32701.7073,32461.8683,44.22,71.85,54.7,1.0,21634.58,"T0:1次,T2:2次",4.0,15.67,220.67,0.0059,40.0,4.33,268.33,0.0167,66.67,10.67,201.33,0.0026,32.0,6.0,275.0,0.0988,50.67,8.33,64.33,0.0003,1.67,1.33,351.0,0.9882,86.33,11.33,1.1125,90.7699,3.8514
26-30-10-5-(grid-1),26,30,10,5,34240.7397,34240.7397,34240.7397,4.2,5.19,4.6,1.0,22820.49,"T0:1次,T1:2次",3.0,11.0,123.0,0.0016,13.0,3.0,144.67,0.0118,31.33,4.67,84.0,0.0049,5.33,2.0,118.67,0.004,11.33,1.67,195.67,1.5025,30.33,5.0,54.33,0.383,0.0,0.0,220.33,1.7637,30.67,6.33,3.6789,2.6952,3.2305,34240.7397,34240.7397,34240.7397,236.96,347.47,274.46,1.0,22820.49,"T0:2次,T2:1次",6.0,20.67,346.0,0.0074,67.0,5.0,378.0,0.0332,77.33,9.33,194.33,0.0027,16.0,2.33,430.0,0.444,81.67,10.0,69.67,0.013,0.67,0.33,418.67,4.3613,78.0,6.33,4.8616,669.4997,8.923
26-30-10-5-(linear-0),26,30,10,5,24996.4301,24996.4301,24996.4301,4.52,5.0,4.74,1.0,16657.62,"T0:2次,T1:1次",3.0,11.67,112.67,0.0014,11.33,3.0,162.67,0.0037,42.0,9.67,93.67,0.0007,12.33,1.67,117.33,0.0017,12.0,4.0,242.67,1.9641,45.67,10.67,55.67,0.4453,0.0,0.0,188.0,1.5516,32.0,7.67,3.9717,2.95,3.6269,24996.4301,25073.7286,25022.1963,27.7,48.15,38.61,1.0,16674.8,"T0:1次,T2:2次",4.0,14.33,197.0,0.0056,32.33,4.33,222.67,0.0442,36.67,5.33,188.0,0.0005,24.67,4.0,250.33,0.0893,42.67,6.33,77.67,0.0024,1.67,1.67,279.67,0.7658,49.33,5.67,0.9079,71.006,3.2726
26-30-10-5-(linear-1),26,30,10,5,46729.977,47546.0841,47002.0127,4.76,5.76,5.25,2.0,31321.34,"T0:1次,T1:1次,T2:1次",3.0,11.67,122.67,0.0015,18.67,6.33,152.33,0.0076,40.33,8.67,110.33,0.0008,10.33,4.67,127.33,0.0018,24.67,7.67,244.67,1.1886,51.33,14.67,56.0,0.2573,0.0,0.0,212.0,1.123,42.67,12.67,2.6004,3.4635,4.8121,46729.977,46729.977,46729.977,47.1,85.02,62.04,2.0,31139.98,"T0:1次,T2:2次",3.67,17.0,221.67,0.0038,39.0,5.0,273.0,0.0297,73.33,12.0,237.67,0.0006,48.33,10.0,318.67,0.1307,73.67,11.0,65.33,0.0003,1.33,0.33,348.33,1.2037,85.67,15.67,1.3689,126.2139,4.3709
26-30-10-5-(radial-0),26,30,10,5,38371.4349,38723.9527,38492.2742,4.93,5.66,5.2,1.67,25650.4,"T0:2次,T1:1次",3.0,11.67,143.33,0.0083,34.33,6.67,147.33,0.0056,39.67,8.33,99.0,0.0008,12.33,3.33,111.0,0.002,19.33,5.0,198.33,1.0761,45.0,8.67,57.67,0.2691,0.0,0.0,244.67,1.3991,60.67,14.67,2.7706,3.3674,4.2084,38800.8847,39469.9234,39182.9194,43.57,120.97,76.89,1.0,26115.28,"T0:1次,T1:1次,T2:1次",3.67,16.33,252.67,0.0021,64.33,10.0,249.0,0.0147,72.0,7.67,247.67,0.0007,52.0,8.0,342.0,0.1378,83.0,15.33,65.67,0.0003,1.0,0.33,341.67,1.229,104.33,10.0,1.3847,157.5816,4.8583
26-30-10-5-(radial-1),26,30,10,5,36370.9845,36370.9845,36370.9845,4.99,7.59,6.05,1.0,24240.66,"T1:2次,T2:1次",3.0,14.33,165.0,0.0043,23.33,4.67,199.33,0.0172,40.0,10.0,145.67,0.0054,17.67,6.33,149.0,0.0065,19.0,7.67,323.0,2.4028,56.67,18.67,58.33,0.3692,0.0,0.0,277.67,2.0874,43.33,10.0,4.9054,3.785,4.3564,36715.1776,37244.5682,36909.9815,61.38,70.51,66.61,1.0,24599.99,"T0:1次,T1:1次,T2:1次",4.0,15.0,185.33,0.008,32.67,5.0,244.33,0.0141,63.0,9.33,205.67,0.0007,47.67,8.33,272.67,0.0823,56.0,11.0,58.33,0.0003,0.67,0.33,304.33,0.8888,86.67,11.33,0.9942,105.3368,3.5114
26-30-10-5-(random-0),26,30,10,5,74012.8825,74087.1729,74052.8819,4.47,4.88,4.65,2.0,49355.25,"T1:2次,T2:1次",3.0,10.33,109.67,0.0015,20.0,3.33,113.33,0.0027,31.0,3.67,81.0,0.0048,12.0,0.67,111.33,0.0061,22.33,2.33,173.33,0.9734,41.0,4.67,57.33,0.2737,0.67,0.0,184.67,0.9512,43.67,5.33,2.2195,3.0683,3.7634,74012.8649,74070.4703,74051.2418,121.42,252.74,195.57,2.0,49354.16,"T0:1次,T1:2次",4.0,18.67,343.67,0.0094,81.67,8.0,273.0,0.0184,55.67,4.67,229.33,0.005,35.67,3.33,331.67,0.1842,63.33,5.33,77.33,0.0005,1.67,0.33,437.0,2.0655,108.0,10.33,2.2829,433.1394,4.167
26-30-10-5-(random-1),26,30,10,5,62686.7195,62930.5808,62795.7882,5.67,6.93,6.25,2.0,41850.53,"T1:1次,T2:2次",3.0,13.67,124.67,0.0055,20.33,2.0,199.67,0.005,68.33,11.67,130.33,0.0011,18.33,2.67,140.67,0.0026,28.33,4.0,254.67,1.3,62.33,8.67,66.33,0.3042,1.0,0.0,274.33,1.6257,72.0,11.67,3.2484,4.6175,5.594,61787.0508,61820.0669,61802.1864,120.26,198.14,166.92,2.0,41188.12,"T1:2次,T2:1次",5.0,15.0,243.33,0.0042,57.33,3.67,212.67,0.0162,49.33,1.67,207.33,0.0007,35.67,2.67,247.67,0.1453,40.67,2.33,59.0,0.0004,2.0,0.33,356.67,1.6616,99.67,5.33,1.8285,344.4827,3.7316
26-40-10-1-(grid-0),26,40,10,1,41972.7279,47492.3839,45652.4986,7.45,9.57,8.73,1.67,30423.89,"T1:1次,T2:2次",3.0,10.67,104.0,0.0018,13.0,2.67,129.0,0.0142,39.0,7.67,107.33,0.0049,12.0,4.0,108.0,0.0063,20.0,3.67,193.33,2.0622,41.0,9.33,55.67,0.5441,0.0,0.0,199.33,2.1804,43.0,8.67,4.8174,6.6509,6.3823,41972.7279,41972.7279,41972.7279,38.19,109.9,64.48,1.0,27975.15,"T0:2次,T1:1次",3.0,11.0,146.0,0.0076,24.33,5.67,180.33,0.0128,40.33,10.33,117.0,0.0004,15.33,3.67,178.67,0.1049,31.67,8.33,52.67,0.0003,0.67,0.33,212.0,1.0888,47.67,11.0,1.2149,113.5338,3.9581
26-40-10-1-(grid-1),26,40,10,1,65665.407,65665.407,65665.407,8.53,11.96,10.28,2.0,43763.6,"T1:2次,T2:1次",3.0,13.67,121.67,0.0021,19.33,3.33,214.67,0.0255,79.33,18.0,130.67,0.0012,16.67,4.67,134.33,0.0104,26.33,7.0,268.33,2.8662,68.67,14.67,56.0,0.5071,0.0,0.0,277.0,2.8989,73.0,18.33,6.3161,9.0143,8.2188,65276.5422,65665.407,65420.4311,164.05,289.39,234.05,2.0,43600.29,T1:3次,4.0,16.33,245.0,0.0082,61.67,5.67,269.33,0.0176,75.33,9.67,185.33,0.0007,29.67,4.33,307.0,0.2467,70.67,8.33,64.67,0.0004,1.0,0.67,328.0,2.47,95.0,10.67,2.7437,512.0423,6.1305
26-40-10-1-(linear-0),26,40,10,1,60183.799,60183.799,60183.799,9.06,10.32,9.6,2.0,40109.2,"T0:2次,T1:1次",3.0,12.33,131.33,0.0065,30.0,8.0,157.33,0.0089,56.33,10.67,114.33,0.0011,16.33,5.0,132.0,0.0112,31.33,6.0,230.33,2.2817,63.67,13.0,53.0,0.5023,0.0,0.0,251.67,2.5971,70.33,16.67,5.4246,7.772,7.2819,60183.799,60183.799,60183.799,469.06,747.03,610.82,2.0,40109.2,"T1:1次,T2:2次",3.67,15.33,238.33,0.0027,57.67,7.67,264.0,0.0213,78.0,10.33,160.67,0.0007,22.33,3.0,241.67,0.2324,51.67,6.33,77.0,0.0006,1.0,0.33,344.33,4.5308,105.33,14.33,4.7885,1233.5957,6.2964
26-40-10-1-(linear-1),26,40,10,1,74973.3109,74973.3109,74973.3109,11.34,11.9,11.55,2.0,49968.87,"T0:1次,T1:1次,T2:1次",3.0,15.0,167.67,0.0023,34.67,4.67,197.33,0.008,72.67,12.33,143.67,0.0062,19.33,4.0,154.0,0.0076,29.0,5.33,296.33,2.6528,77.67,13.67,55.0,0.4312,0.0,0.0,311.33,2.8511,78.0,12.67,5.9839,9.8996,9.3644,74651.4646,75151.5933,74925.4563,79.8,243.73,156.63,2.0,49936.97,"T0:1次,T1:1次,T2:1次",4.33,16.67,239.33,0.0094,41.67,6.33,287.0,0.0306,66.0,8.0,197.67,0.003,27.67,3.33,279.33,0.1757,47.67,5.33,85.33,0.0005,1.67,1.0,359.33,2.0747,86.0,11.33,2.294,312.4077,5.3327
26-40-10-1-(radial-0),26,40,10,1,59391.6748,59391.6748,59391.6748,8.84,9.66,9.25,2.0,39581.12,T0:3次,3.0,12.33,121.0,0.0017,26.33,2.0,173.33,0.0098,67.67,9.67,106.0,0.0008,15.33,2.67,145.67,0.0175,34.67,6.33,252.67,2.4956,80.0,12.0,53.67,0.4478,0.0,0.0,239.67,2.4925,64.0,8.67,5.4746,7.6241,6.5617,59391.6748,59391.6748,59391.6748,233.22,629.13,469.73,2.0,39581.12,"T0:1次,T2:2次",4.67,17.0,283.33,0.0028,78.33,6.33,250.67,0.0298,66.67,5.67,220.0,0.0029,47.67,3.67,280.33,0.2703,52.33,3.67,70.33,0.0005,2.33,0.67,403.33,3.9355,138.0,11.33,4.2418,1134.9732,7.0033
26-40-10-1-(radial-1),26,40,10,1,55557.345,55557.345,55557.345,10.08,10.97,10.52,2.0,37024.9,"T1:1次,T2:2次",3.0,13.67,136.67,0.0022,23.0,5.0,191.0,0.0181,68.33,11.0,123.0,0.0011,15.67,3.33,155.67,0.003,28.33,6.67,272.67,2.6472,63.0,12.67,55.67,0.4658,0.0,0.0,278.0,2.8443,72.33,13.33,5.9905,8.428,7.8753,55557.345,55557.345,55557.345,110.12,168.74,134.74,2.0,37024.9,"T0:1次,T2:2次",4.0,17.67,264.67,0.0028,46.67,4.33,291.67,0.0249,64.33,6.33,235.33,0.0008,44.0,4.33,325.0,0.2102,57.67,6.0,71.67,0.0046,2.0,0.67,395.0,2.1346,95.33,8.33,2.3779,303.7478,6.9813
26-40-10-1-(random-0),26,40,10,1,107752.055,110091.5312,109155.0548,7.58,12.62,9.75,3.0,72750.04,"T1:2次,T2:1次",3.0,12.33,114.33,0.0019,21.33,1.67,190.33,0.0245,78.67,8.33,121.33,0.0073,18.33,1.67,109.67,0.0167,26.33,2.33,256.67,1.868,77.0,8.0,54.0,0.3922,1.33,0.0,225.0,1.7249,66.33,6.0,4.0414,8.3589,7.597,107732.8888,109010.4458,108559.5946,653.25,991.37,850.01,3.0,72353.06,T1:3次,4.67,21.0,326.67,0.0122,60.0,3.0,308.0,0.03,49.33,3.33,282.0,0.0013,46.67,2.67,382.33,0.364,59.33,4.0,87.0,0.0008,3.0,0.33,447.33,4.9653,93.67,4.67,5.3737,2009.2849,6.1794
26-40-10-1-(random-1),26,40,10,1,118998.7725,120534.0882,119610.1887,11.44,12.64,11.94,3.0,79720.13,"T1:1次,T2:2次",3.0,13.67,142.67,0.0024,44.0,5.33,158.67,0.0109,56.33,7.67,142.67,0.0012,31.67,4.67,164.33,0.0076,58.0,9.0,269.33,1.8637,96.0,14.0,64.0,0.3894,0.33,0.33,275.0,1.9442,93.67,12.33,4.228,10.6101,10.0912,117099.5268,119826.3122,118115.5914,470.23,531.72,506.33,3.0,78723.73,"T0:2次,T1:1次",4.67,20.0,319.67,0.0034,61.33,2.33,237.33,0.0197,29.33,2.33,319.67,0.0013,42.67,4.33,352.67,0.3251,48.67,4.0,113.0,0.0008,3.67,1.33,411.0,4.3607,81.0,3.67,4.711,1196.3934,5.6854
26-40-10-2-(grid-0),26,40,10,2,43257.7279,43257.7279,43257.7279,7.18,8.7,8.02,2.0,28825.15,"T0:2次,T2:1次",3.0,9.67,111.0,0.0055,16.33,5.0,119.0,0.0118,21.67,5.33,87.0,0.0009,7.67,3.0,79.33,0.0153,11.33,2.33,165.0,1.842,25.0,7.33,53.33,0.548,0.0,0.0,178.0,2.1596,32.0,8.33,4.5863,6.1773,5.6997,41222.7279,41222.7279,41222.7279,34.56,48.4,42.67,1.0,27475.15,"T0:2次,T2:1次",3.0,10.33,129.67,0.0013,20.0,3.67,144.67,0.0109,34.0,5.33,123.67,0.0004,19.0,4.0,167.67,0.1103,34.33,4.67,55.33,0.0003,1.33,0.67,175.0,0.9884,37.33,7.67,1.1116,99.2196,4.1971
26-40-10-2-(grid-1),26,40,10,2,61081.0743,61081.0743,61081.0743,9.12,12.14,10.25,2.0,40707.38,"T0:1次,T1:1次,T2:1次",3.0,12.67,109.67,0.0183,19.33,3.67,201.67,0.0342,79.67,14.0,122.0,0.0087,17.0,3.67,125.33,0.0125,24.33,6.33,243.0,2.4739,64.0,11.67,53.0,0.4852,0.0,0.0,262.67,2.7556,76.33,16.0,5.8045,8.8384,8.4938,61081.0743,61081.0743,61081.0743,89.16,147.27,109.64,2.0,40707.38,"T0:2次,T2:1次",3.67,17.67,246.0,0.0023,53.33,6.33,286.33,0.0208,92.0,9.67,217.67,0.0029,44.67,5.0,301.33,0.1662,68.0,7.67,62.33,0.0003,0.33,0.33,386.33,2.0302,121.67,13.0,2.2227,226.1883,6.3055
26-40-10-2-(linear-0),26,40,10,2,68560.9958,68560.9958,68560.9958,8.98,10.72,9.66,2.0,45694.0,T2:3次,3.0,12.67,117.67,0.0139,28.33,2.0,182.0,0.0317,76.67,10.67,119.67,0.0051,17.67,2.67,136.67,0.0069,30.67,5.67,254.33,2.6057,79.33,10.67,58.0,0.4796,0.0,0.0,243.67,2.4214,74.0,10.33,5.5683,7.9604,7.2636,68460.5861,68560.9958,68527.5259,454.53,565.71,508.99,2.0,45671.68,"T0:2次,T2:1次",4.67,19.0,279.67,0.0052,73.67,5.67,318.0,0.0316,113.0,10.33,252.33,0.0009,57.67,7.33,325.33,0.3284,70.33,7.0,57.67,0.0005,1.33,0.33,467.0,5.4084,172.67,16.0,5.775,1239.1498,8.6622
26-40-10-2-(linear-1),26,40,10,2,72770.0031,73450.252,72996.7528,10.36,11.85,10.88,2.0,48651.17,"T0:2次,T2:1次",3.0,14.33,155.33,0.0097,33.67,5.0,192.67,0.0229,70.0,8.0,118.67,0.001,14.0,2.0,154.33,0.0027,32.0,5.33,270.33,2.5595,71.0,9.0,62.0,0.5112,0.33,0.0,288.67,2.8034,78.33,11.33,5.917,9.0296,8.4311,72530.1303,72778.3491,72692.8275,70.23,132.06,110.41,2.0,48448.55,"T0:1次,T1:2次",4.33,17.67,269.0,0.0021,47.0,1.33,280.0,0.0251,55.67,3.67,219.33,0.0006,28.0,3.0,319.0,0.19,53.33,3.67,70.33,0.0004,1.0,0.0,379.0,1.9158,76.33,4.33,2.134,235.7798,5.8746
26-40-10-2-(radial-0),26,40,10,2,60746.3058,60746.3058,60746.3058,7.91,10.93,9.84,2.0,40484.2,T0:3次,3.0,13.0,117.33,0.0167,25.33,2.67,178.0,0.0125,69.67,10.0,114.0,0.0034,15.33,3.0,145.67,0.0025,34.33,6.33,231.67,2.3872,62.67,8.0,50.67,0.4109,0.0,0.0,272.67,2.9428,82.0,14.0,5.7849,8.0999,7.5249,60746.4505,60915.0345,60858.7979,122.71,152.01,134.22,2.0,40559.2,"T0:1次,T2:2次",4.67,19.33,293.0,0.0049,73.33,5.0,324.0,0.0293,93.0,9.33,281.33,0.0008,68.0,6.0,369.33,0.2259,93.0,9.33,79.33,0.0004,1.33,0.33,449.67,2.6386,140.0,10.67,2.8999,309.6954,8.6368
26-40-10-2-(radial-1),26,40,10,2,59468.5791,59468.5791,59468.5791,7.39,13.16,10.11,2.0,39632.39,T0:3次,3.0,14.0,127.67,0.0043,28.33,3.0,170.33,0.0097,66.33,9.0,131.67,0.001,21.0,3.0,157.33,0.0026,36.33,6.67,289.33,2.5178,87.33,14.0,58.33,0.5223,0.0,0.0,239.33,2.3865,64.67,7.67,5.4559,8.4709,7.9156,59498.9452,59594.9235,59548.1318,457.83,1247.08,944.93,2.0,39685.42,"T0:1次,T1:1次,T2:1次",5.0,19.67,296.67,0.0029,74.67,7.0,337.67,0.0292,102.67,9.33,243.0,0.0008,44.0,7.67,308.67,0.3023,62.0,6.33,85.0,0.0007,3.33,1.67,483.67,5.4139,156.0,16.0,5.7499,1801.4226,8.4993
26-40-10-2-(random-0),26,40,10,2,113178.1547,114734.5357,114082.0887,7.88,13.32,10.69,3.0,76034.73,"T1:1次,T2:2次",2.67,14.0,137.0,0.0018,30.0,3.0,195.0,0.0103,76.0,11.0,146.67,0.0011,21.0,2.67,134.33,0.0023,29.33,2.33,266.0,1.5244,75.0,7.67,56.67,0.374,0.67,0.0,290.33,1.6714,80.67,11.33,3.5945,8.8976,7.5235,113587.0942,113659.3923,113611.2102,257.55,968.36,594.95,3.0,75720.81,"T0:2次,T2:1次",6.67,17.0,298.0,0.0075,54.33,0.67,192.0,0.0181,22.33,0.0,210.0,0.0009,18.33,0.0,291.0,0.343,38.33,0.0,77.0,0.0006,2.0,0.0,332.0,5.1376,54.67,0.67,5.5077,1227.8168,5.0647
26-40-10-2-(random-1),26,40,10,2,114695.4364,118596.1527,116343.9076,7.86,10.85,9.65,3.0,77542.61,"T0:1次,T2:2次",3.0,11.33,103.67,0.0017,21.33,3.67,147.33,0.0045,52.0,10.0,114.33,0.001,19.67,3.67,109.0,0.0022,30.33,3.33,200.67,1.558,61.33,9.0,64.0,0.3766,1.0,0.33,209.67,1.6745,61.0,11.33,3.6241,8.5782,7.5055,114391.9417,116359.0815,115334.4846,292.33,421.54,337.93,3.0,76869.66,"T0:2次,T1:1次",4.33,22.33,406.67,0.0079,76.33,7.0,289.67,0.0243,42.0,3.33,294.33,0.0053,38.67,4.0,391.33,0.3163,51.33,6.67,105.67,0.0007,3.67,1.0,493.67,4.2032,102.0,6.67,4.5577,806.6046,6.505
26-40-10-3-(grid-0),26,40,10,3,40873.961,40873.961,40873.961,8.07,9.78,8.83,1.0,27242.64,"T0:2次,T2:1次",3.0,11.0,100.67,0.0058,13.0,0.0,122.33,0.0078,26.67,1.67,118.67,0.0014,14.67,3.0,110.33,0.0145,11.0,0.0,190.0,3.288,31.0,2.0,65.33,0.9511,0.33,0.0,196.67,3.4772,34.0,2.67,7.7495,5.8672,5.2089,40873.961,40873.961,40873.961,435.83,444.21,440.63,1.0,27242.64,"T0:1次,T1:1次,T2:1次",3.0,9.67,138.67,0.0018,28.67,1.67,143.33,0.0125,36.33,1.67,106.0,0.0005,15.33,1.33,131.0,0.1894,29.67,1.0,61.33,0.0006,0.33,0.0,195.67,3.9272,50.33,3.67,4.132,822.9857,5.2982
26-40-10-3-(grid-1),26,40,10,3,64506.6129,64506.6129,64506.6129,8.73,11.27,10.16,2.0,42991.08,"T1:1次,T2:2次",3.0,12.67,130.0,0.0093,20.67,4.67,182.67,0.0175,58.0,15.0,120.33,0.0085,17.0,4.67,142.67,0.005,28.33,8.0,276.0,2.8242,67.0,19.33,59.67,0.505,0.0,0.0,240.0,2.5664,57.0,13.0,5.95,8.9189,8.3306,64506.6129,64506.6129,64506.6129,87.56,186.19,121.14,2.0,42991.08,"T0:1次,T1:2次",4.67,16.33,228.67,0.0093,57.67,5.0,253.67,0.0116,72.0,8.0,233.33,0.0031,51.0,6.33,314.67,0.242,80.0,9.0,75.33,0.0004,1.33,0.33,325.67,1.8348,99.33,10.0,2.1013,293.287,6.5279
26-40-10-3-(linear-0),26,40,10,3,61929.2003,61929.2003,61929.2003,8.15,10.2,8.97,2.0,41272.8,"T0:2次,T2:1次",3.0,12.33,93.0,0.0112,17.0,2.33,190.33,0.0051,77.33,14.67,103.0,0.0008,13.33,2.67,140.0,0.0022,31.33,5.67,254.33,2.5302,76.67,14.67,53.67,0.4275,0.0,0.0,218.33,2.2335,62.33,10.67,5.2317,7.4536,6.6454,61929.2003,61929.2003,61929.2003,75.42,96.04,82.72,2.0,41272.8,"T0:1次,T1:2次",4.0,14.33,189.0,0.0065,31.33,5.33,255.0,0.0165,76.33,10.67,167.67,0.0005,28.67,5.0,229.67,0.1283,47.0,8.67,80.33,0.0029,2.0,1.33,301.67,1.5581,87.33,11.0,1.7127,178.7135,5.0188
26-40-10-3-(linear-1),26,40,10,3,70809.5139,70809.5139,70809.5139,9.15,11.12,9.9,2.0,47193.01,"T0:1次,T1:1次,T2:1次",3.0,13.67,149.33,0.002,27.0,6.67,208.67,0.0081,76.67,15.0,130.67,0.0085,13.67,3.67,113.33,0.002,20.67,0.67,270.67,2.6559,69.67,13.0,59.33,0.5202,0.67,0.0,272.0,2.7166,67.67,13.0,5.93,8.5357,7.6889,70591.6425,70594.6791,70592.6547,547.39,806.16,713.59,2.0,47048.44,"T0:1次,T1:1次,T2:1次",3.67,18.33,298.33,0.0028,72.0,7.67,281.33,0.057,69.67,8.67,219.33,0.0008,33.0,5.67,314.0,0.3831,59.67,8.33,76.67,0.0006,0.67,0.33,408.33,5.6595,114.33,13.33,6.1037,1750.1847,7.9337
26-40-10-3-(radial-0),26,40,10,3,58927.5874,58927.5874,58927.5874,11.56,12.49,12.06,2.0,39271.72,"T0:1次,T1:1次,T2:1次",3.0,16.0,177.0,0.01,35.0,7.67,216.0,0.0233,82.67,10.33,143.33,0.0062,23.0,4.0,183.67,0.0032,38.67,7.0,307.67,3.229,81.67,9.33,61.67,0.5243,0.0,0.0,350.67,3.7638,97.67,19.67,7.5773,10.6249,9.8498,58856.295,59020.2703,58934.7175,174.28,249.42,223.92,2.0,39276.48,"T1:1次,T2:2次",3.67,13.33,229.33,0.006,64.67,8.67,185.67,0.0079,56.33,5.0,159.67,0.0005,32.33,3.67,215.33,0.2531,56.0,5.0,69.0,0.0004,1.33,1.0,290.33,2.6306,96.0,11.33,2.8985,535.0977,6.0774
26-40-10-3-(radial-1),26,40,10,3,55732.3313,55732.3313,55732.3313,7.36,8.87,7.95,2.0,37141.55,"T0:2次,T1:1次",3.0,10.67,99.0,0.0013,17.0,3.33,143.33,0.0063,50.67,8.67,101.0,0.0008,15.33,3.33,102.33,0.0091,21.0,3.67,196.67,1.9702,52.67,9.33,54.67,0.4225,0.0,0.0,194.33,2.0424,51.33,9.67,4.458,6.3545,5.9099,55732.3313,55732.3313,55732.3313,104.38,282.45,192.31,2.0,37141.55,"T0:2次,T1:1次",3.67,15.0,225.0,0.0018,57.67,5.67,234.33,0.0143,65.0,7.67,207.67,0.0031,48.0,5.67,267.33,0.1847,62.0,8.33,62.67,0.0054,1.33,0.33,337.0,2.4698,107.33,10.33,2.6791,444.1438,6.1098
26-40-10-3-(random-0),26,40,10,3,108770.0523,109699.9546,109351.3956,8.04,12.63,10.88,3.0,72880.93,"T1:1次,T2:2次",3.0,13.67,118.33,0.0015,25.0,3.33,182.0,0.01,75.0,10.0,130.33,0.001,21.0,2.0,150.67,0.022,36.33,4.33,277.67,2.0694,87.67,9.0,53.67,0.3742,0.67,0.0,250.0,2.0653,69.0,10.67,4.5549,10.5999,9.4218,107921.3892,108956.4242,108538.6753,753.07,1023.16,878.32,3.0,72339.12,"T1:1次,T2:2次",5.0,22.0,366.67,0.0285,66.0,3.67,361.33,0.0537,70.33,4.0,257.33,0.0059,34.33,2.0,382.33,0.4938,55.33,3.67,72.33,0.0006,1.33,0.0,530.67,9.0093,114.0,6.0,9.5918,2392.6725,8.6648
26-40-10-3-(random-1),26,40,10,3,115024.2299,117763.7301,116376.9924,10.46,13.57,11.57,3.0,77564.66,"T0:1次,T1:1次,T2:1次",3.0,14.67,141.0,0.0019,37.33,5.33,211.33,0.0108,75.0,14.67,146.33,0.0011,28.33,4.33,143.33,0.0049,43.67,6.33,295.67,1.9409,99.0,15.33,57.67,0.3307,0.33,0.0,288.67,1.8366,85.0,15.33,4.134,10.2618,9.6312,113468.6753,115672.4342,114297.8745,139.93,275.26,196.32,3.0,76178.58,"T0:1次,T1:1次,T2:1次",4.67,17.0,275.67,0.0072,53.0,4.0,254.67,0.02,48.0,3.0,223.67,0.0007,41.0,4.0,309.0,0.188,57.0,4.33,83.67,0.0005,2.0,1.33,361.33,2.5505,83.0,5.33,2.7668,444.7453,4.4949
26-40-10-4-(grid-0),26,40,10,4,40779.4851,40779.4851,40779.4851,8.11,9.93,9.02,1.0,27179.66,"T0:2次,T2:1次",3.0,11.33,114.67,0.0017,12.33,0.67,140.67,0.0114,39.0,3.33,112.33,0.001,15.67,1.33,114.33,0.0057,18.0,1.33,217.33,3.4907,42.33,5.33,64.0,0.835,1.0,0.0,200.67,3.2606,41.67,1.33,7.6094,6.0365,5.4208,40779.4851,40779.4851,40779.4851,60.8,96.05,82.51,1.0,27179.66,"T0:2次,T1:1次",4.0,12.0,175.67,0.0014,25.33,0.0,183.67,0.0242,41.33,1.33,137.33,0.0004,15.67,1.67,193.67,0.1179,28.0,1.33,61.67,0.0003,0.67,0.0,241.33,1.1751,53.67,1.67,1.3193,153.6299,3.9835
26-40-10-4-(grid-1),26,40,10,4,61548.9278,61548.9278,61548.9278,8.85,10.13,9.7,2.0,41019.29,"T0:2次,T1:1次",3.0,13.0,118.0,0.0017,19.67,4.0,172.33,0.0321,61.33,9.33,108.67,0.0009,12.33,2.33,150.0,0.0076,32.33,7.67,237.33,2.3942,61.0,11.0,54.67,0.4573,0.0,0.0,257.0,2.5254,64.67,12.33,5.428,7.8089,7.5947,61548.9278,61548.9278,61548.9278,56.58,139.14,103.17,2.0,41019.29,"T0:1次,T1:1次,T2:1次",4.33,14.67,214.0,0.0067,50.67,5.33,226.0,0.0129,64.33,6.33,206.67,0.0006,43.33,7.67,234.33,0.1002,48.33,6.33,70.67,0.0004,3.0,1.33,341.67,1.7786,107.0,11.67,1.8994,228.7884,4.9812
26-40-10-4-(linear-0),26,40,10,4,59177.1042,59622.978,59357.693,8.38,12.55,10.33,2.0,39558.46,"T1:2次,T2:1次",3.0,13.0,144.67,0.0071,29.33,4.0,179.33,0.03,68.33,10.33,119.67,0.001,16.67,1.33,159.67,0.0077,34.33,8.0,260.67,2.5283,69.67,10.33,62.33,0.4684,0.0,0.0,280.33,2.753,79.0,13.33,5.8047,8.4867,8.0313,59177.1042,59177.1042,59177.1042,347.61,597.01,499.35,2.0,39438.07,"T1:2次,T2:1次",4.0,17.0,272.33,0.0024,65.0,5.0,283.0,0.0253,79.33,5.67,196.67,0.0006,34.33,2.67,293.33,0.2796,60.33,6.33,82.33,0.0006,2.0,0.67,376.33,3.6894,116.33,6.33,3.9979,866.1902,7.3149
26-40-10-4-(linear-1),26,40,10,4,71169.229,71208.9341,71195.6991,9.76,11.14,10.6,2.0,47450.47,"T0:1次,T2:2次",3.0,14.67,136.0,0.0068,24.67,4.33,215.33,0.0133,83.0,13.0,136.0,0.001,16.33,2.67,136.67,0.0174,27.0,3.0,279.33,2.6056,76.0,13.0,60.67,0.4567,0.0,0.0,284.0,2.668,75.0,10.0,5.7862,8.7271,7.7872,70991.0627,71189.928,71116.7399,533.21,700.94,633.43,2.0,47397.83,"T1:1次,T2:2次",3.67,21.0,370.67,0.0058,86.67,8.33,373.0,0.0453,92.33,8.67,236.0,0.0057,35.33,3.33,396.33,0.4194,76.33,7.67,76.33,0.0006,1.33,0.67,507.0,5.8274,136.67,12.0,6.3042,1546.1551,8.8264
26-40-10-4-(radial-0),26,40,10,4,60563.3886,60563.3886,60563.3886,8.47,13.01,10.52,2.0,40362.26,"T0:2次,T1:1次",3.0,13.67,141.0,0.002,30.67,5.0,169.0,0.0147,66.33,9.33,150.33,0.0012,29.0,6.67,153.67,0.0026,37.33,7.67,294.67,2.8624,91.67,16.0,61.0,0.5417,0.0,0.0,258.33,2.5123,71.67,12.67,5.9436,8.6613,8.6025,60563.3886,60656.0715,60594.2829,96.45,196.31,130.57,2.0,40382.86,"T1:2次,T2:1次",4.67,15.67,212.0,0.0042,48.33,3.67,235.67,0.0207,56.0,5.67,213.0,0.0006,45.67,4.67,266.0,0.1626,62.0,4.67,81.0,0.0004,3.0,2.0,313.67,1.4646,85.0,7.33,1.6532,270.5273,5.2807
26-40-10-4-(radial-1),26,40,10,4,58178.1518,58178.1518,58178.1518,8.5,11.06,9.91,2.0,38772.1,"T0:2次,T1:1次",3.0,13.33,142.67,0.002,35.33,8.67,196.67,0.0154,72.0,17.33,118.0,0.0009,15.67,5.33,131.33,0.0073,24.33,6.67,270.33,2.7763,76.67,19.67,55.67,0.4291,0.0,0.0,262.67,2.5501,70.67,18.33,5.7979,8.2324,7.5794,58327.9386,58570.4169,58408.7647,81.94,212.66,165.95,2.0,38925.84,"T1:2次,T2:1次",4.33,16.0,243.33,0.002,51.67,1.33,243.0,0.0167,59.67,3.33,221.33,0.0006,45.33,2.67,272.0,0.1847,52.67,2.67,77.0,0.0004,1.67,0.0,358.67,1.8206,102.33,4.67,2.025,311.0423,5.3455
26-40-10-4-(random-0),26,40,10,4,110814.1994,110929.9743,110891.3827,8.54,11.56,10.44,3.0,73907.59,"T0:1次,T1:1次,T2:1次",3.0,13.0,129.33,0.0117,27.0,5.0,178.0,0.0149,76.33,10.0,133.67,0.001,18.67,2.67,146.67,0.0026,39.33,4.0,271.0,2.0044,85.33,10.33,65.0,0.3841,0.0,0.0,251.67,1.8675,76.0,11.33,4.3028,9.3419,8.5882,112150.5744,112471.6805,112341.7896,458.77,798.31,682.85,3.0,74874.53,"T0:2次,T1:1次",5.33,20.67,387.33,0.006,64.33,5.33,291.0,0.0439,40.0,3.0,247.0,0.0008,30.67,3.33,353.67,0.3677,48.33,3.33,95.33,0.0007,3.0,0.67,476.33,5.6618,83.67,7.67,6.0809,1708.5713,6.4869
26-40-10-4-(random-1),26,40,10,4,116682.5556,117210.8938,116988.122,8.9,11.78,10.48,3.0,77972.08,"T0:2次,T2:1次",3.0,13.33,113.67,0.004,28.67,1.33,156.33,0.0157,44.0,6.0,146.33,0.0011,26.67,2.33,156.0,0.0053,46.0,4.67,269.0,1.7883,74.0,8.0,63.0,0.3939,1.67,0.67,240.33,1.5856,69.67,5.67,3.8228,8.5884,7.4995,116270.2978,118282.1851,117536.7523,147.0,277.39,198.16,3.0,78337.83,"T0:1次,T1:2次",5.33,16.67,264.67,0.0021,43.33,1.33,230.0,0.0215,34.67,1.0,222.0,0.0006,37.33,2.0,298.0,0.2171,49.67,3.33,97.33,0.0006,3.67,0.33,321.33,2.2185,62.0,0.67,2.4603,461.851,4.3444
26-40-10-5-(grid-0),26,40,10,5,40873.961,40873.961,40873.961,8.13,9.12,8.68,1.0,27242.64,"T1:1次,T2:2次",3.0,10.67,107.0,0.0015,12.0,1.67,145.67,0.004,43.67,2.67,101.0,0.0008,9.33,1.33,92.0,0.0041,11.0,0.67,186.67,2.7736,36.33,2.33,56.0,0.7628,0.0,0.0,203.0,2.968,39.67,4.0,6.5306,5.7491,5.1964,40563.3009,40563.3009,40563.3009,100.65,205.5,158.29,1.0,27035.53,"T1:2次,T2:1次",4.0,16.67,244.0,0.0071,45.33,3.33,279.67,0.0383,73.67,7.33,202.0,0.0006,26.67,4.33,300.33,0.1924,53.0,5.33,64.33,0.0004,1.33,0.67,361.0,2.6616,91.33,9.0,2.9004,320.1842,7.7716
26-40-10-5-(grid-1),26,40,10,5,58345.2884,60032.7884,58907.7884,8.62,10.25,9.58,2.0,39258.53,"T0:1次,T2:2次",3.0,12.33,127.67,0.0093,26.67,6.67,168.67,0.0162,65.33,14.33,116.67,0.0009,19.33,5.33,124.0,0.0047,24.67,5.67,233.33,2.6048,67.67,16.67,63.0,0.5821,0.0,0.0,240.67,2.692,68.33,15.33,5.9187,8.1222,7.5901,58361.2376,58432.2263,58395.6749,287.11,579.05,393.27,2.0,38917.12,"T0:2次,T2:1次",4.33,18.67,295.0,0.0077,75.67,6.67,281.67,0.0426,76.33,6.67,234.0,0.0008,51.67,4.67,338.67,0.3093,71.33,7.67,58.33,0.0004,1.67,0.33,413.67,3.9024,130.67,10.0,4.2632,828.4587,8.4128
26-40-10-5-(linear-0),26,40,10,5,57190.1375,57283.113,57252.1212,9.04,10.95,9.72,2.0,38154.75,T0:3次,3.0,12.33,138.67,0.002,31.0,6.67,163.67,0.0196,63.33,12.0,101.33,0.008,14.0,3.67,126.67,0.0024,23.33,5.0,218.33,2.2,54.67,13.33,62.33,0.6227,0.0,0.0,249.67,2.8465,77.0,14.0,5.7074,7.656,7.2237,57190.1375,57283.113,57221.1293,441.84,887.87,641.22,2.0,38134.09,"T0:1次,T2:2次",4.33,19.33,292.67,0.0078,75.0,6.67,342.67,0.0261,113.67,12.67,233.0,0.0008,41.33,5.67,315.33,0.2419,66.67,7.0,75.67,0.0056,2.33,1.67,477.33,4.6144,161.0,16.33,4.8966,1275.6622,8.1732
26-40-10-5-(linear-1),26,40,10,5,68382.788,68382.788,68382.788,9.82,12.33,10.73,2.0,45575.19,"T0:2次,T1:1次",3.0,14.67,136.33,0.0045,22.33,3.33,214.0,0.0109,76.33,13.33,140.67,0.0011,17.33,3.33,153.0,0.0128,34.33,6.0,292.33,2.8471,71.33,14.0,58.33,0.506,0.33,0.0,293.33,2.6876,78.67,12.0,6.082,9.137,8.3284,67983.3678,69175.2905,68644.8429,68.53,151.15,101.28,2.0,45749.9,"T0:1次,T1:1次,T2:1次",4.67,17.0,230.33,0.0019,39.33,0.67,290.0,0.0227,74.67,5.33,243.33,0.0007,45.67,4.33,312.0,0.1572,59.67,3.67,68.33,0.0004,2.33,0.33,383.33,1.7844,97.67,6.33,1.9672,210.0099,5.7076
26-40-10-5-(radial-0),26,40,10,5,53137.7104,53137.7104,53137.7104,7.98,10.8,8.93,2.0,35411.81,"T0:1次,T1:2次",3.0,11.0,111.33,0.0065,25.33,3.33,164.67,0.022,65.33,13.33,103.33,0.0058,14.0,3.33,112.33,0.0019,24.33,6.67,223.33,2.2286,61.67,13.0,52.67,0.3911,0.0,0.0,215.67,2.4216,67.33,13.67,5.0934,6.8035,6.4714,53014.2098,53166.6588,53065.0261,175.29,398.25,270.97,2.0,35363.35,"T0:1次,T2:2次",4.0,15.33,229.0,0.0093,64.67,10.33,216.33,0.014,60.67,6.33,201.33,0.0006,46.67,7.0,250.67,0.1958,62.33,10.33,72.0,0.0004,2.67,1.33,324.0,2.2048,107.0,12.0,2.4249,574.1029,5.6922
26-40-10-5-(radial-1),26,40,10,5,51051.724,51051.724,51051.724,10.02,10.96,10.56,2.0,34021.15,"T0:1次,T2:2次",3.0,13.33,145.33,0.002,32.67,9.33,188.0,0.0052,72.67,12.33,142.67,0.0011,23.67,7.0,143.67,0.0025,32.67,7.0,280.0,2.7008,80.67,17.67,58.0,0.5469,0.0,0.0,281.67,2.7097,81.0,18.0,5.9776,8.3571,7.8701,51095.228,51418.7469,51223.9125,839.78,1055.91,971.03,2.0,34135.94,"T0:2次,T2:1次",4.67,21.33,329.33,0.0058,84.33,8.33,345.33,0.0422,91.0,8.33,254.0,0.0084,45.33,4.0,338.33,0.3439,71.67,5.33,83.33,0.0007,2.33,1.67,507.0,6.5859,146.67,13.67,6.9867,2267.4216,10.7796
26-40-10-5-(random-0),26,40,10,5,103588.4658,104357.2549,104099.5388,8.71,10.55,9.73,3.0,69379.69,"T1:2次,T2:1次",3.0,12.0,112.0,0.0015,29.0,1.67,181.33,0.0376,77.33,9.33,106.67,0.0008,13.33,1.0,138.33,0.0023,35.0,3.67,232.67,1.791,70.33,6.33,60.67,0.4431,1.0,0.0,245.0,1.8675,83.33,9.33,4.1477,8.7583,7.3368,102664.053,103381.7413,102918.6158,757.15,1183.76,979.8,3.0,68592.41,"T0:1次,T1:2次",4.33,21.33,344.67,0.0082,75.33,5.67,329.33,0.0361,70.67,5.0,268.67,0.0009,51.33,2.0,390.33,0.359,71.67,5.33,76.67,0.0006,4.0,0.0,475.67,5.9758,121.67,7.33,6.3807,2293.23,7.3858
26-40-10-5-(random-1),26,40,10,5,108308.0385,112076.7353,110224.2575,9.99,11.85,11.12,3.0,73462.84,"T0:2次,T2:1次",3.0,15.0,164.67,0.0072,47.67,3.67,152.67,0.0169,46.0,5.33,173.33,0.0013,39.67,5.0,150.67,0.0026,40.33,4.0,275.33,1.8759,79.0,8.33,72.0,0.499,2.67,0.0,294.0,2.1512,92.0,9.67,4.561,10.4865,8.0927,107912.5172,109021.9417,108329.0625,256.84,316.0,281.6,3.0,72199.37,"T0:2次,T2:1次",4.67,18.67,263.67,0.0022,59.33,2.33,232.0,0.0197,38.33,3.0,329.33,0.0054,73.67,6.33,293.67,0.238,52.0,4.0,114.33,0.0082,4.67,1.33,417.0,3.4211,114.67,6.33,3.6946,661.8107,5.6126
31-35-10-1-(grid-0),31,35,10,1,43645.2039,43645.2039,43645.2039,7.99,9.31,8.86,2.0,29083.47,"T0:1次,T1:1次,T2:1次",3.0,17.0,175.67,0.0047,21.33,7.0,224.0,0.0055,60.0,13.67,159.67,0.0012,13.33,4.67,192.0,0.008,29.67,10.0,322.33,2.036,57.67,15.67,65.67,0.3774,0.0,0.0,363.33,2.5817,66.67,19.67,5.0361,7.209,6.835,41121.0589,41585.5557,41421.6975,39.87,66.19,51.87,1.0,27607.8,"T0:1次,T1:2次",5.0,21.67,320.0,0.0072,45.67,5.0,380.0,0.0315,76.0,8.67,274.33,0.0069,36.67,5.33,412.33,0.178,65.33,6.67,70.67,0.0003,0.33,0.0,491.33,1.7851,92.67,12.33,2.0091,121.3849,8.0586
31-35-10-1-(grid-1),31,35,10,1,37306.4277,37306.4277,37306.4277,5.67,6.99,6.25,1.0,24864.29,"T0:1次,T1:2次",3.0,10.33,113.0,0.0065,16.0,5.0,129.0,0.0032,31.0,7.67,93.67,0.0007,11.33,5.0,118.33,0.0019,16.0,5.67,173.67,2.1116,31.33,9.33,62.0,0.6599,0.0,0.0,218.33,2.5675,43.0,14.0,5.3668,4.1556,4.1295,37321.9616,37440.0369,37379.2631,35.69,151.63,96.71,1.0,24912.84,"T1:2次,T2:1次",3.67,13.67,176.0,0.0064,38.0,4.33,192.0,0.0185,47.0,8.0,210.33,0.0006,44.67,11.33,261.33,0.1356,61.0,12.67,57.33,0.0003,1.33,0.0,259.67,1.2781,67.33,11.0,1.4394,198.3092,4.3385
31-35-10-1-(linear-0),31,35,10,1,43668.443,48604.3964,46857.1684,5.8,11.44,8.22,1.67,31227.0,"T1:1次,T2:2次",3.0,14.0,142.33,0.0116,25.67,4.0,218.0,0.0104,69.67,13.33,120.67,0.0134,14.0,2.67,144.0,0.0047,23.33,6.33,274.33,2.1344,62.67,11.67,60.0,0.4127,0.0,0.0,290.67,2.3009,70.0,14.67,4.9309,6.5799,7.6289,43668.443,43668.443,43668.443,59.57,153.94,103.76,1.0,29105.63,"T0:2次,T2:1次",4.0,18.33,281.0,0.0097,47.33,5.67,274.33,0.0292,51.67,10.0,268.67,0.0007,42.67,6.67,342.0,0.1937,56.0,9.67,78.33,0.0004,1.0,0.67,403.67,1.8811,84.67,12.0,2.1147,223.7486,6.356
31-35-10-1-(linear-1),31,35,10,1,43548.9358,49852.3268,47751.1964,6.92,7.76,7.33,1.67,31823.02,"T1:1次,T2:2次",3.0,12.33,132.67,0.0017,12.33,4.33,177.67,0.0044,50.0,14.0,115.67,0.0009,10.33,5.0,117.0,0.0043,20.67,5.33,243.67,1.9583,47.0,14.33,58.33,0.3633,0.0,0.0,241.0,1.7557,46.33,14.33,4.0946,5.7975,6.2767,43548.9358,43548.9358,43548.9358,299.34,443.99,360.93,1.0,29025.96,"T0:2次,T2:1次",3.33,15.33,222.0,0.002,40.33,7.67,276.0,0.0251,64.67,16.33,165.67,0.0005,21.33,3.0,280.67,0.2686,55.0,10.67,62.0,0.0004,0.33,0.0,321.0,3.1066,71.0,16.33,3.4034,772.25,6.2291
31-35-10-1-(radial-0),31,35,10,1,48151.4779,48151.4779,48151.4779,4.99,8.4,6.56,2.0,32087.65,"T1:1次,T2:2次",3.0,11.33,115.67,0.0015,16.33,3.0,165.67,0.0091,41.67,8.67,93.67,0.0057,9.67,2.0,123.33,0.002,19.0,4.0,216.0,1.6332,42.33,8.0,50.33,0.279,0.0,0.0,232.0,1.7402,44.33,9.67,3.6815,4.8884,5.1592,43454.7354,43473.1734,43460.8814,270.04,375.8,323.92,1.0,28967.25,T2:3次,3.67,17.67,316.67,0.0027,63.67,8.67,259.0,0.0135,42.33,7.0,214.0,0.0007,29.67,5.67,320.67,0.2421,52.33,7.67,74.67,0.0005,1.67,0.33,394.33,2.9995,81.67,13.33,3.2589,580.5102,6.7302
31-35-10-1-(radial-1),31,35,10,1,50443.0538,50443.0538,50443.0538,7.35,8.43,8.07,2.0,33615.37,"T0:1次,T1:1次,T2:1次",3.0,13.67,136.33,0.0018,20.0,4.0,195.67,0.0224,57.0,14.33,131.0,0.001,14.0,5.33,137.0,0.0167,21.67,5.33,265.67,1.7543,52.33,14.67,52.67,0.287,0.0,0.0,281.67,2.1393,60.33,14.33,4.2315,6.0467,7.3963,44712.377,44712.377,44712.377,268.07,494.11,390.26,1.0,29801.58,"T1:2次,T2:1次",3.67,17.33,263.0,0.0074,47.33,9.33,309.67,0.0312,76.67,13.67,202.0,0.0006,27.33,6.0,343.67,0.2761,64.33,13.67,75.33,0.0005,1.33,0.33,355.67,3.6777,85.67,15.0,3.9936,943.751,7.1158
31-35-10-1-(random-0),31,35,10,1,63981.9735,64561.9891,64175.312,8.61,10.74,9.93,2.0,42770.21,"T0:1次,T1:1次,T2:1次",3.0,17.33,187.0,0.0073,49.0,11.67,219.33,0.0254,80.67,15.0,191.33,0.0014,40.33,12.67,187.0,0.0054,56.0,11.67,343.67,2.183,106.0,24.67,54.33,0.2906,0.0,0.0,386.67,2.5336,120.0,26.33,5.0569,7.8869,8.9833,63981.9735,63981.9735,63981.9735,97.94,148.33,115.13,2.0,42641.32,"T0:1次,T1:2次",4.67,17.33,262.33,0.0019,69.33,6.67,256.67,0.0286,53.0,7.67,218.0,0.0006,36.33,7.0,276.33,0.1492,56.0,9.67,86.0,0.0004,1.33,0.0,374.67,1.4731,101.33,11.67,1.6538,225.3556,4.3359
31-35-10-1-(random-1),31,35,10,1,65441.904,66453.5717,66030.1242,5.71,5.83,5.78,2.0,44006.75,"T0:1次,T2:2次",3.0,9.33,83.33,0.0011,21.33,2.0,129.67,0.0133,52.67,6.0,88.33,0.0007,13.67,2.33,81.33,0.0013,20.67,2.33,154.0,1.2319,50.33,5.0,54.33,0.3243,0.33,0.0,174.33,1.2972,57.67,7.67,2.8773,3.9607,4.4547,63105.4608,63486.6496,63342.3887,346.13,505.37,410.45,2.0,42214.93,"T0:2次,T2:1次",5.67,22.0,400.33,0.0059,100.33,8.0,281.33,0.0321,54.67,6.67,303.33,0.001,59.33,8.0,372.67,0.3277,63.0,7.0,81.33,0.0005,2.0,0.67,531.0,4.839,149.33,15.0,5.2063,1042.77,8.6391
31-35-10-2-(grid-0),31,35,10,2,45582.3897,45582.3897,45582.3897,5.05,9.06,7.53,2.0,30374.93,"T1:2次,T2:1次",3.0,13.67,140.33,0.0018,16.33,4.0,173.67,0.0093,41.0,9.33,133.0,0.001,9.33,4.67,127.0,0.0044,16.33,5.0,246.0,1.499,39.0,10.0,53.33,0.3145,0.0,0.0,274.67,1.7845,44.0,13.0,3.6182,5.5489,6.2349,42276.9436,42276.9436,42276.9436,29.29,48.37,35.91,1.0,28177.96,"T0:1次,T1:2次",4.0,17.0,256.33,0.0018,43.67,3.67,295.33,0.0357,52.67,9.33,203.0,0.0005,27.67,3.33,343.33,0.1384,56.33,8.67,61.67,0.0003,0.33,0.33,349.67,1.0344,67.33,7.33,1.2111,73.6973,5.8112
31-35-10-2-(grid-1),31,35,10,2,37335.222,37335.222,37335.222,6.43,7.22,6.83,1.0,24883.48,T1:3次,3.0,11.67,120.0,0.0016,14.0,3.33,139.0,0.011,38.33,6.0,113.67,0.0009,13.67,4.0,135.0,0.0022,20.0,5.67,231.67,2.577,45.33,10.67,56.67,0.6227,0.0,0.0,219.33,2.53,40.67,8.33,5.7489,4.2642,4.3095,37335.222,37335.222,37335.222,19.69,127.54,71.88,1.0,24883.48,"T1:2次,T2:1次",3.0,12.0,172.0,0.0138,32.0,6.33,184.0,0.0135,45.67,9.0,164.0,0.0004,29.33,6.0,202.33,0.084,41.33,7.0,56.33,0.0003,1.33,0.0,261.33,0.9174,64.33,14.33,1.0294,125.7798,3.6082
31-35-10-2-(linear-0),31,35,10,2,46592.3183,47080.0294,46917.459,5.85,7.76,6.69,2.0,31264.97,"T0:2次,T2:1次",3.0,12.0,120.33,0.0015,15.0,2.67,153.0,0.0038,41.33,6.33,96.67,0.0007,7.0,1.0,153.0,0.0023,23.33,6.0,249.0,1.6443,44.33,9.0,53.67,0.2864,0.0,0.0,220.33,1.6134,42.33,7.0,3.561,4.843,4.9369,44198.4152,44253.7543,44235.3079,98.71,208.28,150.21,1.0,29483.54,"T0:2次,T1:1次",4.67,18.0,255.0,0.0046,45.67,5.67,320.0,0.0396,79.67,9.0,245.67,0.0007,46.0,6.67,339.0,0.1786,73.0,6.33,66.33,0.0004,0.67,0.33,415.33,2.3146,97.67,14.67,2.5385,327.9488,6.6522
31-35-10-2-(linear-1),31,35,10,2,53101.5104,53324.8646,53175.9618,4.45,5.02,4.82,2.0,35437.31,T1:3次,3.0,9.33,89.67,0.0011,11.33,2.33,104.33,0.0151,26.33,4.67,78.0,0.0006,5.67,1.33,83.0,0.0012,11.0,2.0,153.33,1.0826,27.67,5.33,56.0,0.3293,0.0,0.0,145.67,1.0939,26.67,5.0,2.5261,3.4579,3.2895,44721.58,44721.58,44721.58,273.76,497.64,382.75,1.0,29807.72,"T0:2次,T1:1次",3.67,12.67,177.0,0.0042,29.67,4.33,206.0,0.0301,50.33,11.0,129.67,0.0005,16.0,2.67,219.67,0.2876,41.0,8.33,54.33,0.0004,0.0,0.0,238.67,3.3985,55.0,9.67,3.7212,864.5773,6.0907
31-35-10-2-(radial-0),31,35,10,2,49951.4478,49951.4478,49951.4478,7.4,8.31,7.74,2.0,33287.63,T0:3次,3.0,14.33,140.67,0.0093,22.67,5.0,198.0,0.0074,54.33,13.67,129.67,0.001,17.33,4.0,138.67,0.0021,21.67,5.33,279.67,2.0284,51.67,13.33,53.33,0.3265,0.0,0.0,274.0,1.9393,64.33,14.67,4.328,6.3088,6.8003,43205.9355,43205.9355,43205.9355,188.21,363.0,276.89,1.0,28797.29,"T0:1次,T2:2次",3.67,14.67,230.33,0.0071,27.67,5.0,233.67,0.0404,38.0,7.67,151.0,0.0005,16.67,3.67,263.67,0.2229,35.0,7.0,65.0,0.0004,1.67,1.0,286.33,2.5687,45.67,8.33,2.8401,636.0032,5.7527
31-35-10-2-(radial-1),31,35,10,2,44157.6176,49004.3536,47388.7749,9.08,10.42,9.79,1.67,31581.41,"T0:1次,T2:2次",3.0,18.0,197.0,0.0025,28.33,6.67,263.0,0.0165,73.33,16.0,174.67,0.0038,19.33,4.33,176.67,0.0077,27.33,4.67,383.67,2.5601,74.33,17.33,60.67,0.4032,0.0,0.0,367.0,2.488,74.0,14.33,5.4974,7.7109,8.0219,44157.6176,44157.6176,44157.6176,57.65,161.42,112.68,1.0,29431.75,"T1:1次,T2:2次",4.0,15.33,241.67,0.0019,32.0,5.67,244.33,0.0262,42.67,8.0,190.67,0.003,22.33,7.0,296.67,0.1895,44.67,10.0,64.0,0.0003,1.33,0.67,316.0,1.9335,51.0,10.0,2.1544,258.4475,6.027
31-35-10-2-(random-0),31,35,10,2,69894.9667,70441.5792,70077.1709,7.25,10.1,8.97,2.0,46704.78,"T0:1次,T2:2次",3.0,15.67,187.33,0.0049,55.0,8.67,196.0,0.0124,71.33,10.0,143.67,0.0011,25.0,4.33,168.67,0.0246,45.67,7.0,342.67,2.1254,100.67,17.0,58.67,0.3747,0.0,0.0,294.33,1.8814,96.33,13.0,4.4442,6.6145,6.5658,69894.9966,70238.8125,70083.5967,115.81,170.09,149.51,2.0,46709.06,"T0:1次,T1:1次,T2:1次",4.67,16.0,275.33,0.0145,66.33,6.67,229.33,0.0224,42.0,3.33,224.33,0.0006,40.67,4.0,274.0,0.1349,53.67,3.67,104.33,0.0005,4.0,2.33,350.67,1.5376,91.33,8.0,1.7106,282.021,4.1628
31-35-10-2-(random-1),31,35,10,2,63176.6772,63176.6772,63176.6772,7.65,8.84,8.12,2.0,42104.45,"T1:2次,T2:1次",3.0,13.33,137.67,0.0018,33.67,6.0,186.33,0.0047,69.67,11.33,122.67,0.0035,18.67,3.67,144.33,0.0074,36.33,7.67,275.67,1.7745,83.33,13.67,51.67,0.3081,0.0,0.0,263.67,1.8512,75.0,15.0,3.9627,5.6808,6.859,62874.3018,63176.6772,63075.8854,48.73,149.16,94.21,2.0,42037.26,"T0:1次,T1:1次,T2:1次",3.67,15.33,229.67,0.0017,57.33,7.0,203.33,0.0168,38.0,7.0,217.0,0.0006,45.0,8.0,276.33,0.1224,58.67,7.67,59.67,0.0003,1.0,0.67,314.0,1.2384,80.67,13.67,1.3802,203.9951,4.1497
31-35-10-3-(grid-0),31,35,10,3,45260.3985,45260.3985,45260.3985,8.81,10.27,9.51,2.0,30160.27,"T0:1次,T2:2次",3.0,16.0,150.67,0.007,12.33,3.0,228.33,0.0108,51.33,13.67,161.33,0.0013,11.67,5.0,193.0,0.0058,24.0,8.33,350.0,2.5103,53.0,16.67,59.33,0.3592,0.0,0.0,324.0,2.4638,46.33,13.33,5.3707,7.0681,8.0766,42572.9994,42572.9994,42572.9994,35.83,36.25,35.99,1.0,28375.33,"T1:1次,T2:2次",3.67,14.67,202.0,0.0062,23.33,3.67,253.67,0.0149,41.33,9.33,180.33,0.0005,24.67,6.33,267.67,0.1003,38.0,6.67,65.0,0.0003,1.33,0.33,303.33,0.9788,50.0,12.33,1.1009,79.6478,4.6649
31-35-10-3-(grid-1),31,35,10,3,37805.2536,37909.7329,37840.08,6.01,8.75,7.5,1.0,25220.05,T2:3次,3.0,13.33,143.67,0.0018,25.0,5.0,170.0,0.0218,51.67,9.0,134.67,0.0086,17.67,5.67,121.0,0.0018,19.67,1.33,240.0,2.5538,50.33,9.0,63.33,0.699,0.33,0.0,266.0,2.8025,63.33,12.0,6.093,4.6365,4.58,37822.5471,37938.8627,37900.0909,37.23,71.88,56.05,1.0,25260.06,"T0:1次,T1:1次,T2:1次",4.33,16.67,240.33,0.0066,50.67,5.33,252.67,0.0228,60.67,7.67,221.67,0.0005,43.33,6.33,324.67,0.1575,79.0,10.67,70.0,0.0003,1.67,1.0,320.0,1.0097,74.0,7.67,1.1975,113.244,5.2583
31-35-10-3-(linear-0),31,35,10,3,46786.1849,46819.7326,46797.3675,6.44,7.58,7.07,2.0,31184.91,"T0:1次,T2:2次",3.0,13.0,140.33,0.0067,20.67,10.33,181.67,0.0044,58.33,16.0,115.67,0.0059,12.0,5.0,130.67,0.0019,23.0,7.67,251.67,1.8297,55.67,19.33,47.67,0.3124,0.0,0.0,269.0,2.0387,58.33,19.67,4.217,5.8175,5.6145,44289.688,44598.7673,44435.0807,335.45,450.64,389.23,1.0,29616.72,"T0:1次,T1:1次,T2:1次",3.67,14.67,193.67,0.0067,38.67,3.33,275.0,0.0401,80.0,11.33,168.0,0.0005,27.33,3.67,275.67,0.2741,66.33,8.0,57.0,0.0004,0.33,0.0,304.0,3.571,79.33,10.33,3.8929,894.4941,6.507
31-35-10-3-(linear-1),31,35,10,3,40311.5201,44562.8849,41728.6417,7.71,10.27,9.21,1.33,27810.21,"T0:1次,T1:1次,T2:1次",3.0,16.0,176.33,0.0047,31.0,9.0,234.0,0.0125,69.0,20.0,147.33,0.0011,17.0,6.0,150.67,0.0099,20.33,6.0,325.0,2.4473,69.67,19.67,61.33,0.4014,0.0,0.0,322.0,2.6644,67.67,21.33,5.5545,6.8583,7.3383,40311.5201,40311.5201,40311.5201,373.47,518.23,433.1,1.0,26867.68,"T0:1次,T2:2次",3.67,18.0,273.67,0.0025,64.0,8.33,292.0,0.0281,92.67,8.0,239.0,0.0007,40.0,7.67,334.0,0.2981,83.33,9.0,65.33,0.0005,0.33,0.0,405.33,3.6616,113.0,15.0,3.9914,967.6256,7.6175
31-35-10-3-(radial-0),31,35,10,3,50624.1123,50624.1123,50624.1123,5.5,8.75,7.31,2.0,33736.07,"T0:1次,T1:1次,T2:1次",3.0,13.33,138.0,0.0017,23.0,6.0,171.0,0.0167,46.67,9.0,111.0,0.0008,14.0,4.67,135.67,0.0046,22.0,6.0,266.67,1.8885,58.33,15.0,54.67,0.3105,0.0,0.0,234.33,1.7223,47.33,10.67,3.9539,5.2888,5.9658,44893.4355,44893.4355,44893.4355,96.34,146.81,124.95,1.0,29922.29,T1:3次,3.67,15.33,197.67,0.0042,47.33,6.0,238.67,0.0215,74.33,7.67,225.0,0.0082,51.33,13.33,288.0,0.1511,82.67,12.33,59.33,0.0003,1.0,0.67,314.0,1.9415,89.33,14.0,2.1268,283.6599,5.4988
31-35-10-3-(radial-1),31,35,10,3,49559.113,49559.113,49559.113,6.58,7.89,7.23,2.0,33026.08,"T0:1次,T1:1次,T2:1次",3.0,12.0,139.67,0.0067,21.33,9.33,170.67,0.0042,51.67,13.67,106.0,0.0008,10.33,4.33,127.0,0.0044,22.0,8.67,235.33,1.6588,51.0,17.67,59.33,0.354,0.0,0.0,248.67,1.7699,54.33,18.33,3.8249,5.4884,6.1687,44712.377,44712.377,44712.377,32.75,66.16,46.66,1.0,29801.58,"T0:2次,T1:1次",3.67,13.67,166.0,0.0062,18.67,4.0,241.33,0.0223,43.67,8.67,171.67,0.0004,20.0,7.33,248.33,0.0898,39.33,11.0,61.0,0.0003,1.33,1.0,269.67,0.8425,41.67,8.0,0.9615,88.8593,3.8069
31-35-10-3-(random-0),31,35,10,3,65048.0271,65048.0271,65048.0271,6.82,11.88,10.02,2.0,43352.02,"T0:1次,T1:1次,T2:1次",3.0,18.0,187.33,0.0024,48.33,8.0,240.67,0.006,94.0,14.33,176.67,0.0088,31.33,6.67,209.0,0.0082,60.67,9.33,391.33,2.553,121.0,21.33,55.0,0.3755,0.0,0.0,367.33,2.3455,113.33,17.0,5.3147,8.0446,8.9615,65048.0271,65095.6864,65075.495,350.34,446.08,412.0,2.0,43370.33,"T0:1次,T1:1次,T2:1次",5.67,23.33,385.67,0.0031,106.0,7.33,344.67,0.0294,74.0,7.67,331.0,0.0085,65.33,7.67,436.0,0.3342,93.0,9.67,80.33,0.0005,1.0,0.67,545.0,4.4484,151.33,12.33,4.8242,1005.1112,8.2319
31-35-10-3-(random-1),31,35,10,3,64993.955,64993.955,64993.955,7.56,11.5,9.41,2.0,43315.97,"T0:1次,T1:2次",3.0,16.33,179.67,0.0024,46.33,8.33,214.33,0.0154,72.0,12.0,146.67,0.0011,23.67,4.0,184.67,0.0105,43.67,10.0,323.67,2.2076,88.0,16.0,58.0,0.3389,0.0,0.0,343.67,2.4443,97.67,18.33,5.0601,7.5135,8.3871,63154.8635,64608.0025,63643.3308,107.1,179.91,148.66,2.0,42415.55,"T0:1次,T1:1次,T2:1次",4.0,17.67,269.33,0.0197,78.33,9.33,262.67,0.0423,69.67,6.67,230.67,0.0007,56.0,8.33,336.67,0.2431,83.67,12.67,56.33,0.0003,0.67,0.0,369.67,2.3852,119.67,11.67,2.6913,363.811,5.7721
31-35-10-4-(grid-0),31,35,10,4,50986.4577,50986.4577,50986.4577,5.68,7.28,6.22,2.0,33977.64,"T0:2次,T2:1次",3.0,10.67,108.0,0.0014,17.0,4.33,141.33,0.0035,39.0,9.67,95.67,0.0032,7.33,2.33,96.0,0.0015,13.67,3.0,186.0,1.307,37.67,8.0,54.67,0.334,0.0,0.0,200.33,1.3631,39.33,11.33,3.0241,4.5114,5.0167,42201.4577,42201.4577,42201.4577,71.81,135.35,106.85,1.0,28127.64,"T0:1次,T1:2次",4.0,16.0,221.67,0.0017,37.0,6.0,270.33,0.0118,63.33,11.67,205.67,0.0056,31.0,7.67,299.0,0.1145,58.0,9.0,68.67,0.0004,1.0,0.67,330.0,1.411,72.33,15.67,1.5449,193.7184,4.7967
31-35-10-4-(grid-1),31,35,10,4,37334.3772,37334.3772,37334.3772,5.29,6.35,5.79,1.0,24882.92,"T0:2次,T1:1次",3.0,9.67,97.0,0.0037,8.67,2.33,149.0,0.0036,41.33,8.33,82.33,0.0006,7.0,1.67,89.33,0.0014,9.0,1.67,187.33,2.2007,37.0,7.33,55.0,0.5748,0.0,0.0,175.33,2.1148,29.0,6.67,4.9124,3.7264,3.746,37347.1361,37366.8598,37360.2853,80.65,133.57,110.82,1.0,24900.19,"T0:1次,T1:1次,T2:1次",4.33,15.67,226.0,0.0067,52.33,2.67,235.67,0.0084,53.0,5.67,232.67,0.0006,49.33,6.33,307.67,0.1633,68.67,8.0,58.33,0.0003,0.33,0.0,328.33,1.3884,85.67,6.67,1.5677,176.0356,4.8366
31-35-10-4-(linear-0),31,35,10,4,48138.8837,48947.1491,48510.2157,4.99,7.17,6.1,2.0,32326.81,"T0:1次,T1:2次",3.0,11.0,98.33,0.0012,14.67,2.67,160.67,0.0065,54.33,13.0,86.33,0.0082,4.67,1.33,113.0,0.0017,17.0,5.0,217.67,1.6479,48.33,13.33,55.0,0.2964,0.0,0.0,185.67,1.3733,42.33,8.67,3.3432,4.5009,4.5618,44017.9087,44396.2128,44144.0101,46.37,76.98,58.91,1.0,29422.67,"T0:2次,T2:1次",4.67,17.67,244.67,0.0067,44.0,3.33,275.33,0.011,61.67,8.0,228.33,0.0056,37.0,5.0,321.67,0.1721,61.67,7.33,63.0,0.0003,0.33,0.0,363.67,1.3609,80.67,9.0,1.5566,128.7942,5.6189
31-35-10-4-(linear-1),31,35,10,4,40578.2675,44903.2381,42859.9437,6.51,9.44,8.15,1.67,28562.18,"T0:2次,T2:1次",3.0,14.0,147.33,0.0068,22.67,6.0,202.33,0.02,60.67,15.0,125.67,0.0009,13.67,5.33,138.0,0.0096,19.0,5.33,282.67,1.9,58.67,16.0,51.0,0.3055,0.0,0.0,279.67,2.2834,57.33,15.67,4.5303,6.2844,6.4368,40493.2739,40500.3816,40495.6431,525.54,743.24,606.69,1.0,26990.43,"T0:1次,T1:2次",5.33,22.0,301.67,0.0078,68.67,6.67,398.33,0.0301,128.0,13.33,259.67,0.0009,44.33,7.33,410.0,0.4702,99.67,12.33,61.33,0.0004,0.0,0.0,488.33,5.7338,141.33,15.0,6.2431,1452.5782,10.112
31-35-10-4-(radial-0),31,35,10,4,48301.4714,48301.4714,48301.4714,6.49,8.01,7.32,2.0,32187.65,"T1:2次,T2:1次",3.0,13.33,132.67,0.0017,17.33,6.0,173.33,0.0143,48.0,11.0,136.33,0.001,14.33,6.33,152.67,0.0023,22.67,8.67,268.33,1.7977,54.0,15.0,54.0,0.3191,0.0,0.0,272.67,1.8607,48.33,17.0,4.0204,5.4552,5.8136,43454.7354,43454.7354,43454.7354,39.77,60.48,48.04,1.0,28963.16,"T0:1次,T1:2次",4.0,14.67,224.0,0.0016,30.67,8.0,235.33,0.0097,42.67,6.67,175.0,0.0004,26.0,5.67,273.67,0.0816,43.33,10.0,60.33,0.0003,0.67,0.33,300.33,0.9304,55.33,10.0,1.024,85.5978,4.2141
31-35-10-4-(radial-1),31,35,10,4,49888.2944,49888.2944,49888.2944,7.89,9.73,8.96,2.0,33245.53,"T0:2次,T2:1次",3.0,15.67,162.67,0.007,30.0,9.0,213.67,0.0102,67.0,16.67,147.67,0.0161,16.67,5.33,172.0,0.0251,28.0,8.67,293.33,2.1225,60.33,15.0,64.33,0.3819,0.33,0.0,338.33,2.5234,81.0,24.67,5.0934,7.046,8.6804,44157.6176,44157.6176,44157.6176,39.32,43.48,41.04,1.0,29431.75,"T0:1次,T1:1次,T2:1次",3.67,13.33,201.0,0.0013,21.67,6.0,206.33,0.0063,40.33,8.0,180.67,0.0004,27.67,7.33,255.0,0.1237,40.67,10.0,68.67,0.0003,1.33,0.67,264.33,0.7963,47.67,10.67,0.9284,88.8351,4.2412
31-35-10-4-(random-0),31,35,10,4,67858.3286,68066.964,67927.8738,6.75,8.4,7.48,2.0,45271.92,"T1:2次,T2:1次",3.0,13.0,138.67,0.0067,37.0,6.33,174.33,0.0118,72.0,14.0,117.0,0.0059,20.0,5.0,143.33,0.0122,40.67,7.67,271.0,1.8336,91.0,18.0,56.33,0.2931,0.0,0.0,246.0,1.7288,78.67,15.0,3.9032,5.7768,6.2671,67858.3286,67961.3895,67927.0359,47.43,98.77,70.48,2.0,45271.36,"T0:1次,T1:2次",4.0,14.0,228.33,0.0242,71.33,9.67,196.0,0.0237,48.33,6.0,177.0,0.0004,35.0,4.67,248.67,0.124,57.67,9.33,52.67,0.0002,0.33,0.0,300.0,1.1758,96.67,11.0,1.3483,160.7595,3.7743
31-35-10-4-(random-1),31,35,10,4,61048.4794,62804.9623,61633.9737,8.35,10.48,9.37,2.0,41075.98,T0:3次,2.67,17.33,171.0,0.0021,40.0,6.33,255.67,0.0114,93.67,17.67,145.67,0.0061,21.0,3.67,191.0,0.0029,44.67,7.0,344.33,2.157,96.33,16.33,62.33,0.4084,0.0,0.0,356.67,2.4315,103.0,18.33,5.0294,7.0059,7.6966,61048.4794,61048.4794,61048.4794,130.94,170.46,146.77,2.0,40685.65,T1:3次,4.0,18.67,312.67,0.0198,84.0,7.0,267.67,0.0247,50.67,4.33,261.33,0.0057,51.33,5.33,349.0,0.1536,64.33,7.67,63.67,0.0003,1.33,0.0,429.0,2.2422,120.33,9.0,2.4463,327.4397,5.7417
31-35-10-5-(grid-0),31,35,10,5,40220.4708,40220.4708,40220.4708,7.27,8.21,7.83,1.0,26806.98,"T1:2次,T2:1次",3.0,13.0,131.33,0.0018,19.0,2.33,180.67,0.0096,52.67,7.67,121.0,0.001,14.0,3.33,152.67,0.005,23.0,6.0,258.67,2.9757,54.67,10.33,60.0,0.6566,0.0,0.0,267.0,2.9732,54.0,9.0,6.6317,5.2278,5.1227,40328.8694,40714.7281,40504.2344,30.22,59.56,44.14,1.0,26996.16,"T1:1次,T2:2次",4.33,14.67,212.33,0.0016,35.33,3.67,243.67,0.0099,48.0,5.0,186.67,0.0005,27.67,4.33,249.33,0.0904,40.0,4.33,70.67,0.0003,0.67,0.33,322.67,1.0604,70.33,8.33,1.1631,91.7209,4.3942
31-35-10-5-(grid-1),31,35,10,5,35835.2157,36106.7427,36016.2337,5.48,7.59,6.68,1.0,24004.16,"T0:1次,T1:1次,T2:1次",3.0,11.33,119.0,0.0066,19.67,4.0,148.0,0.0162,50.33,8.67,104.67,0.005,13.67,3.33,113.0,0.0068,18.67,3.0,214.0,2.4404,54.0,9.0,56.0,0.5528,0.0,0.0,214.67,2.486,48.33,10.0,5.5295,4.1198,4.364,35968.8249,35968.8249,35968.8249,34.31,50.87,40.74,1.0,23972.55,T0:3次,4.33,15.67,212.33,0.0015,41.67,3.33,230.0,0.0117,52.67,5.33,237.0,0.0006,47.0,8.67,324.67,0.1631,74.67,9.67,68.67,0.0003,1.33,1.0,286.0,0.8685,65.33,6.67,1.0456,88.6457,5.1434
31-35-10-5-(linear-0),31,35,10,5,44729.5413,45601.5802,45146.8699,6.26,7.57,7.06,2.0,30084.58,"T1:1次,T2:2次",3.0,12.33,134.0,0.0017,23.0,4.0,171.0,0.0068,48.0,8.67,110.33,0.0008,9.0,1.33,124.33,0.0157,21.33,3.0,216.0,1.339,43.33,6.67,60.0,0.3644,0.0,0.0,263.67,1.857,58.0,10.33,3.5957,5.207,5.6325,42841.9028,42868.6999,42859.7676,79.5,173.82,125.88,1.0,28566.51,T2:3次,4.0,16.67,232.33,0.0019,54.67,5.67,278.33,0.0229,74.33,9.67,232.0,0.0007,47.67,7.67,307.67,0.1641,71.0,8.33,62.33,0.0053,0.33,0.0,372.67,2.5324,105.33,14.67,2.7273,304.0989,7.1574
31-35-10-5-(linear-1),31,35,10,5,39538.9341,40194.4581,39975.9501,6.91,8.37,7.78,2.0,26637.3,"T0:1次,T2:2次",3.0,13.67,160.67,0.002,23.0,7.67,201.67,0.0096,61.67,13.33,93.0,0.0107,5.67,2.67,125.0,0.007,13.0,3.0,248.0,1.7243,50.67,11.33,60.0,0.4579,0.0,0.0,272.33,1.9713,52.67,15.33,4.1942,5.6947,6.4506,38468.2739,38468.2739,38468.2739,93.6,317.27,197.54,1.0,25638.85,"T0:2次,T1:1次",3.0,13.0,189.0,0.0016,42.67,6.67,206.33,0.0361,63.0,12.0,157.0,0.0005,23.67,5.33,229.0,0.1971,55.33,9.33,61.0,0.0054,1.0,0.67,262.33,2.4502,73.0,14.0,2.6908,459.1693,5.6665
31-35-10-5-(radial-0),31,35,10,5,41439.7354,41439.7354,41439.7354,6.29,8.22,7.09,2.0,27613.16,T2:3次,3.0,13.0,138.67,0.0017,17.0,5.33,156.0,0.0122,41.33,8.33,127.33,0.0009,15.0,6.67,135.33,0.007,19.33,5.0,249.33,1.6962,46.33,12.67,51.33,0.3156,0.0,0.0,256.67,1.9045,46.33,12.67,3.9418,5.7028,6.034,41429.7354,41429.7354,41429.7354,52.26,117.15,76.13,1.0,27613.16,"T0:2次,T1:1次",3.33,13.67,196.67,0.004,34.0,4.67,219.0,0.0125,50.67,5.67,167.33,0.0005,27.67,5.33,241.67,0.1176,44.0,6.33,67.33,0.0003,1.0,0.33,274.0,1.1794,67.33,9.0,1.3144,141.7405,4.5522
31-35-10-5-(radial-1),31,35,10,5,42142.6176,42142.6176,42142.6176,7.22,9.57,8.27,2.0,28081.75,"T0:1次,T1:1次,T2:1次",3.0,15.0,156.67,0.002,30.0,9.33,179.33,0.0194,51.33,9.33,152.33,0.0011,19.33,6.67,165.67,0.0025,29.67,7.33,305.33,2.1109,64.67,16.33,54.67,0.32,0.0,0.0,294.0,2.2848,65.67,16.33,4.745,6.2548,6.9355,42132.6176,42132.6176,42132.6176,65.8,111.81,86.63,1.0,28081.75,"T1:1次,T2:2次",4.0,15.0,213.33,0.0016,44.67,7.33,245.0,0.0211,67.0,10.0,197.67,0.0005,35.67,7.33,273.0,0.1526,59.0,10.0,58.33,0.0003,0.0,0.0,324.67,1.5953,88.33,14.67,1.7713,178.7081,5.1845
31-35-10-5-(random-0),31,35,10,5,63163.5362,63331.7696,63247.9059,6.02,9.46,7.69,2.0,42151.94,"T1:1次,T2:2次",3.0,12.67,138.33,0.0018,31.67,6.33,176.0,0.022,64.67,14.33,112.33,0.0009,15.0,2.67,129.67,0.0037,32.33,4.33,251.67,1.8533,64.33,12.33,57.67,0.4288,0.0,0.0,247.0,1.9012,79.33,15.33,4.2328,5.979,6.4908,61293.041,62383.8103,61997.6669,213.65,398.73,287.59,2.0,41318.44,"T0:2次,T2:1次",3.67,17.33,285.0,0.0049,86.0,4.67,235.33,0.0351,59.67,3.67,236.33,0.0032,53.67,4.67,306.67,0.2051,68.0,5.67,59.0,0.0054,0.0,0.0,391.0,2.8244,131.33,7.33,3.078,591.0168,5.809
31-35-10-5-(random-1),31,35,10,5,56607.9335,56656.7028,56640.4463,7.64,10.07,8.63,2.0,37746.96,"T0:2次,T1:1次",3.0,15.33,152.67,0.0019,35.33,6.67,205.67,0.0051,69.33,11.33,155.33,0.0011,26.0,4.0,172.0,0.0025,43.33,6.67,316.0,2.0478,94.33,15.33,62.33,0.3503,0.0,0.0,307.33,1.8922,79.67,13.33,4.3104,6.4265,6.7559,55886.8788,56420.2165,56070.6393,190.87,406.97,268.25,2.0,37367.09,T2:3次,3.67,18.0,312.67,0.0077,86.33,13.67,251.33,0.0323,58.33,5.67,257.33,0.0008,53.33,9.33,313.33,0.2513,61.0,8.0,59.0,0.0004,1.33,0.33,449.0,3.5858,135.67,20.33,3.8783,666.9447,6.9848
26-30-10-1-(grid-0),26,30,10,1,34521.281,34521.281,34521.281,4.97,6.47,5.49,1.0,23007.52,"T0:1次,T1:1次,T2:1次",3.0,12.33,121.67,0.0037,23.33,1.67,155.0,0.006,50.0,6.67,121.0,0.0032,22.67,4.67,135.0,0.0024,28.67,5.0,251.33,1.792,64.67,11.0,53.67,0.3867,0.0,0.0,227.67,1.7181,60.0,7.0,3.9242,2.893,3.693,34521.281,34521.281,34521.281,0.42,0.93,0.76,1.0,23007.52,T0:3次,3.67,14.33,201.33,0.0003,43.0,5.33,230.67,0.0006,58.67,8.67,181.67,0.0001,32.0,7.0,255.33,0.0024,55.33,10.67,61.0,0.0,0.67,0.33,297.33,0.0236,77.67,10.0,0.0271,1.2456,0.0656
